ts,run_id,mode,event_type,role,doc_id,fingerprint,ttft_s,total_s,n_output_tokens,cache_hit,prompt_chars,message,extra_json
1778974773.690876,phase2_demo,before,decision,orchestrator,,,,,,,,loaded pipeline 'discovery_review': Screener -> Analyst -> Auditor,"{""pipeline"": ""discovery_review"", ""nodes"": [{""role"": ""Screener"", ""doc_id"": ""discovery""}, {""role"": ""Analyst"", ""doc_id"": ""discovery""}, {""role"": ""Auditor"", ""doc_id"": ""discovery""}]}"
1778974773.6911108,phase2_demo,before,decision,orchestrator,discovery,d756492f207440704d04fa47c47a12f38cecd041b27e0d76b3c7c1a6e41b8f9a,,,,,,observed Screener starting on discovery (fp=d756492f20),"{""phase"": ""observe"", ""cursor"": 0}"
1778974813.787829,phase2_demo,before,task_completed,Screener,discovery,d756492f207440704d04fa47c47a12f38cecd041b27e0d76b3c7c1a6e41b8f9a,33.07125041700783,40.09607404199778,97,False,65274,,
1778974813.788102,phase2_demo,before,decision,orchestrator,discovery,,,,,,,next agent 'Analyst' needs same doc 'discovery'; firing keep-resident warmup,"{""phase"": ""act"", ""current"": {""role"": ""Screener"", ""doc_id"": ""discovery""}, ""next"": {""role"": ""Analyst"", ""doc_id"": ""discovery""}}"
1778974848.399876,phase2_demo,before,keep_resident_completed,orchestrator,discovery,5f2285fd4b5f5e3ef9185d75dd7d4ae34d5a0cd597901af952ae3947987f8421,34.60890945800929,34.610265625000466,2,False,65153,warmup issued by orchestrator,
1778974848.403647,phase2_demo,before,decision,orchestrator,discovery,b88bcf3789d13b5e848daaee9ccdb4cb09a12761cac125a6df97bb043fb90728,,,,,,observed Analyst starting on discovery (fp=b88bcf3789),"{""phase"": ""observe"", ""cursor"": 1}"
1778974890.791312,phase2_demo,before,task_completed,Analyst,discovery,b88bcf3789d13b5e848daaee9ccdb4cb09a12761cac125a6df97bb043fb90728,35.48537258300348,42.387037000007695,97,False,65315,,
1778974890.7915561,phase2_demo,before,decision,orchestrator,discovery,,,,,,,next agent 'Auditor' needs same doc 'discovery'; firing keep-resident warmup,"{""phase"": ""act"", ""current"": {""role"": ""Analyst"", ""doc_id"": ""discovery""}, ""next"": {""role"": ""Auditor"", ""doc_id"": ""discovery""}}"
1778974926.262846,phase2_demo,before,keep_resident_completed,orchestrator,discovery,1a8f112c52771bf6c5c17a8df879321188a497fd88262edd865e7012a7edd738,35.47911045799265,35.47940691601252,2,False,65153,warmup issued by orchestrator,
1778974926.263235,phase2_demo,before,decision,orchestrator,discovery,d756492f207440704d04fa47c47a12f38cecd041b27e0d76b3c7c1a6e41b8f9a,,,,,,evicted hot entry discovery:d756492f207440704d04fa47c47a12f38cecd041b27e0d76b3c7c1a6e41b8f9a under LRU cap (4),"{""phase"": ""adapt"", ""evicted"": true}"
1778974926.263246,phase2_demo,before,decision,orchestrator,discovery,8b874c21e90e47ec709d09a356be045c95c07f01bb560d39afd0def422332b70,,,,,,observed Auditor starting on discovery (fp=8b874c21e9),"{""phase"": ""observe"", ""cursor"": 2}"
1778974968.77264,phase2_demo,before,task_completed,Auditor,discovery,8b874c21e90e47ec709d09a356be045c95c07f01bb560d39afd0def422332b70,35.526259166013915,42.51047254100558,97,False,65370,,
1778974968.772743,phase2_demo,before,decision,orchestrator,discovery,,,,,,,no successor after Auditor; pipeline complete,"{""phase"": ""lookahead"", ""cursor"": 2}"
1778974968.772966,phase2_demo,after,decision,orchestrator,,,,,,,,loaded pipeline 'discovery_review': Screener -> Analyst -> Auditor,"{""pipeline"": ""discovery_review"", ""nodes"": [{""role"": ""Screener"", ""doc_id"": ""discovery""}, {""role"": ""Analyst"", ""doc_id"": ""discovery""}, {""role"": ""Auditor"", ""doc_id"": ""discovery""}]}"
1778974968.773298,phase2_demo,after,decision,orchestrator,discovery,b9cd08817a96e003ce8d607b0fae61c83069d505d6da8199c4cef4972644db3c,,,,,,observed Screener starting on discovery (fp=b9cd08817a),"{""phase"": ""observe"", ""cursor"": 0}"
1778975010.9618309,phase2_demo,after,task_completed,Screener,discovery,b9cd08817a96e003ce8d607b0fae61c83069d505d6da8199c4cef4972644db3c,35.332454459014116,42.1882818750164,97,False,65229,,
1778975010.961911,phase2_demo,after,decision,orchestrator,discovery,,,,,,,next agent 'Analyst' needs same doc 'discovery'; firing keep-resident warmup,"{""phase"": ""act"", ""current"": {""role"": ""Screener"", ""doc_id"": ""discovery""}, ""next"": {""role"": ""Analyst"", ""doc_id"": ""discovery""}}"
1778975011.440844,phase2_demo,after,keep_resident_completed,orchestrator,discovery,b9cd08817a96e003ce8d607b0fae61c83069d505d6da8199c4cef4972644db3c,0.4784210000070743,0.47863041699747555,2,True,65108,warmup issued by orchestrator,
1778975011.44102,phase2_demo,after,decision,orchestrator,discovery,b9cd08817a96e003ce8d607b0fae61c83069d505d6da8199c4cef4972644db3c,,,,,,observed Analyst starting on discovery (fp=b9cd08817a),"{""phase"": ""observe"", ""cursor"": 1}"
1778975018.809126,phase2_demo,after,task_completed,Analyst,discovery,b9cd08817a96e003ce8d607b0fae61c83069d505d6da8199c4cef4972644db3c,0.495641917019384,7.368055458995514,97,True,65270,,
1778975018.8091369,phase2_demo,after,decision,orchestrator,discovery,,,,,,,next agent 'Auditor' needs same doc 'discovery'; firing keep-resident warmup,"{""phase"": ""act"", ""current"": {""role"": ""Analyst"", ""doc_id"": ""discovery""}, ""next"": {""role"": ""Auditor"", ""doc_id"": ""discovery""}}"
1778975019.25825,phase2_demo,after,keep_resident_completed,orchestrator,discovery,b9cd08817a96e003ce8d607b0fae61c83069d505d6da8199c4cef4972644db3c,0.4485606249945704,0.44902341699344106,2,True,65108,warmup issued by orchestrator,
1778975019.258455,phase2_demo,after,decision,orchestrator,discovery,b9cd08817a96e003ce8d607b0fae61c83069d505d6da8199c4cef4972644db3c,,,,,,observed Auditor starting on discovery (fp=b9cd08817a),"{""phase"": ""observe"", ""cursor"": 2}"
1778975026.675266,phase2_demo,after,task_completed,Auditor,discovery,b9cd08817a96e003ce8d607b0fae61c83069d505d6da8199c4cef4972644db3c,0.5175599999784026,7.416741916997125,97,True,65325,,
1778975026.675297,phase2_demo,after,decision,orchestrator,discovery,,,,,,,no successor after Auditor; pipeline complete,"{""phase"": ""lookahead"", ""cursor"": 2}"
1778976727.283943,phase3_multidoc,after,decision,orchestrator,,,,,,,,loaded pipeline 'multi_doc_review': Screener -> Analyst -> Auditor,"{""pipeline"": ""multi_doc_review"", ""nodes"": [{""role"": ""Screener"", ""doc_id"": ""discovery""}, {""role"": ""Analyst"", ""doc_id"": ""merger""}, {""role"": ""Auditor"", ""doc_id"": ""discovery_v3""}]}"
1778976727.323384,phase3_multidoc,after,decision,orchestrator,discovery,b9cd08817a96e003ce8d607b0fae61c83069d505d6da8199c4cef4972644db3c,,,,,,observed Screener starting on discovery (fp=b9cd08817a),"{""phase"": ""observe"", ""cursor"": 0}"
1778976735.033685,phase3_multidoc,after,task_completed,Screener,discovery,b9cd08817a96e003ce8d607b0fae61c83069d505d6da8199c4cef4972644db3c,0.5248594589938875,7.7101332919846755,97,True,65229,,
1778976735.033789,phase3_multidoc,after,decision,orchestrator,merger,,,,,,,next agent 'Analyst' needs doc 'merger'; firing keep-resident warmup for that doc,"{""phase"": ""act"", ""current"": {""role"": ""Screener"", ""doc_id"": ""discovery""}, ""next"": {""role"": ""Analyst"", ""doc_id"": ""merger""}}"
1778976770.564332,phase3_multidoc,after,keep_resident_completed,orchestrator,merger,85b38e2125e06989a4ea143b3ace13fad48a84664cbe7f5b2b31ce18b89bb368,35.475286041997606,35.475842208979884,2,False,58770,warmup issued by orchestrator,
1778976770.564851,phase3_multidoc,after,decision,orchestrator,merger,85b38e2125e06989a4ea143b3ace13fad48a84664cbe7f5b2b31ce18b89bb368,,,,,,observed Analyst starting on merger (fp=85b38e2125),"{""phase"": ""observe"", ""cursor"": 1}"
1778976778.387785,phase3_multidoc,after,task_completed,Analyst,merger,85b38e2125e06989a4ea143b3ace13fad48a84664cbe7f5b2b31ce18b89bb368,0.5441088330117054,7.822843542002374,97,True,58932,,
1778976778.387824,phase3_multidoc,after,decision,orchestrator,discovery_v3,,,,,,,next agent 'Auditor' needs doc 'discovery_v3'; firing keep-resident warmup for that doc,"{""phase"": ""act"", ""current"": {""role"": ""Analyst"", ""doc_id"": ""merger""}, ""next"": {""role"": ""Auditor"", ""doc_id"": ""discovery_v3""}}"
1778976778.4365592,phase3_multidoc,after,near_duplicate_detected,orchestrator,discovery_v3,,,,,,,"near-duplicate: 'discovery_v3' ≈ 'discovery' (hamming=1/64, similarity=0.984); prefix cache will MISS but the orchestrator pre-warms it anyway","{""phase"": ""act"", ""candidate_doc_id"": ""discovery_v3"", ""matched_doc_id"": ""discovery"", ""hamming"": 1, ""similarity"": 0.984375, ""threshold"": 10}"
1778976814.714922,phase3_multidoc,after,keep_resident_completed,orchestrator,discovery_v3,f8dba46d06815ea61b00ca4d3b294a06f9186d3ac21a9e4cbca7db78eadca871,36.27732508300687,36.27783033301239,2,False,65573,warmup issued by orchestrator,
1778976814.715148,phase3_multidoc,after,eviction,orchestrator,discovery,b9cd08817a96e003ce8d607b0fae61c83069d505d6da8199c4cef4972644db3c,,,,,,hot-set evicted: discovery (fp=b9cd0881) under LRU cap (2),"{""phase"": ""adapt"", ""evicted_doc_id"": ""discovery"", ""evicted_fingerprint"": ""b9cd08817a96e003ce8d607b0fae61c83069d505d6da8199c4cef4972644db3c"", ""hot_capacity"": 2}"
1778976814.715154,phase3_multidoc,after,decision,orchestrator,discovery,b9cd08817a96e003ce8d607b0fae61c83069d505d6da8199c4cef4972644db3c,,,,,,evicted hot entry discovery (fp=b9cd0881) under LRU cap (2),"{""phase"": ""adapt"", ""evicted"": true}"
1778976814.7154508,phase3_multidoc,after,decision,orchestrator,discovery_v3,f8dba46d06815ea61b00ca4d3b294a06f9186d3ac21a9e4cbca7db78eadca871,,,,,,observed Auditor starting on discovery_v3 (fp=f8dba46d06),"{""phase"": ""observe"", ""cursor"": 2}"
1778976822.514878,phase3_multidoc,after,task_completed,Auditor,discovery_v3,f8dba46d06815ea61b00ca4d3b294a06f9186d3ac21a9e4cbca7db78eadca871,0.5603236659953836,7.79934958301601,97,True,65790,,
1778976822.514891,phase3_multidoc,after,decision,orchestrator,discovery_v3,,,,,,,no successor after Auditor; pipeline complete,"{""phase"": ""lookahead"", ""cursor"": 2}"
1778977559.7969,phase3_multidoc_both,before,decision,orchestrator,,,,,,,,loaded pipeline 'multi_doc_review': Screener -> Analyst -> Auditor,"{""pipeline"": ""multi_doc_review"", ""nodes"": [{""role"": ""Screener"", ""doc_id"": ""discovery""}, {""role"": ""Analyst"", ""doc_id"": ""merger""}, {""role"": ""Auditor"", ""doc_id"": ""discovery_v3""}]}"
1778977559.838749,phase3_multidoc_both,before,decision,orchestrator,discovery,bf82e3f24d2c3d65e6ff844cdc2541236e782e55e7f4693671af18103cdb4322,,,,,,observed Screener starting on discovery (fp=bf82e3f24d),"{""phase"": ""observe"", ""cursor"": 0}"
1778977600.4209752,phase3_multidoc_both,before,task_completed,Screener,discovery,bf82e3f24d2c3d65e6ff844cdc2541236e782e55e7f4693671af18103cdb4322,33.41466391700669,40.581623417005176,97,False,65274,,
1778977600.421215,phase3_multidoc_both,before,decision,orchestrator,merger,,,,,,,next agent 'Analyst' needs doc 'merger'; firing keep-resident warmup for that doc,"{""phase"": ""act"", ""current"": {""role"": ""Screener"", ""doc_id"": ""discovery""}, ""next"": {""role"": ""Analyst"", ""doc_id"": ""merger""}}"
1778977637.579778,phase3_multidoc_both,before,keep_resident_completed,orchestrator,merger,4116e3d6f157700ce30a8022489709a97a2b186c95f6b63d23e4dddea9a86d7b,37.10482187499292,37.10535266698571,2,False,58815,warmup issued by orchestrator,
1778977637.580502,phase3_multidoc_both,before,eviction,orchestrator,discovery,bf82e3f24d2c3d65e6ff844cdc2541236e782e55e7f4693671af18103cdb4322,,,,,,hot-set evicted: discovery (fp=bf82e3f2) under LRU cap (2),"{""phase"": ""adapt"", ""evicted_doc_id"": ""discovery"", ""evicted_fingerprint"": ""bf82e3f24d2c3d65e6ff844cdc2541236e782e55e7f4693671af18103cdb4322"", ""hot_capacity"": 2}"
1778977637.580509,phase3_multidoc_both,before,decision,orchestrator,discovery,bf82e3f24d2c3d65e6ff844cdc2541236e782e55e7f4693671af18103cdb4322,,,,,,evicted hot entry discovery (fp=bf82e3f2) under LRU cap (2),"{""phase"": ""adapt"", ""evicted"": true}"
1778977637.580523,phase3_multidoc_both,before,decision,orchestrator,merger,01a0aedfba739857fe06ebe459bf1bcc6866cda536fc799d391f42cb6b779c08,,,,,,observed Analyst starting on merger (fp=01a0aedfba),"{""phase"": ""observe"", ""cursor"": 1}"
1778977682.817866,phase3_multidoc_both,before,task_completed,Analyst,merger,01a0aedfba739857fe06ebe459bf1bcc6866cda536fc799d391f42cb6b779c08,37.99796200002311,45.23688433400821,97,False,58977,,
1778977682.817962,phase3_multidoc_both,before,decision,orchestrator,discovery_v3,,,,,,,next agent 'Auditor' needs doc 'discovery_v3'; firing keep-resident warmup for that doc,"{""phase"": ""act"", ""current"": {""role"": ""Analyst"", ""doc_id"": ""merger""}, ""next"": {""role"": ""Auditor"", ""doc_id"": ""discovery_v3""}}"
1778977719.85817,phase3_multidoc_both,before,keep_resident_completed,orchestrator,discovery_v3,7d4abf9e3f06170501f72bbefc86ebed8d8b8649dbbf5deb201ee7f857cb6b84,37.00242004197207,37.003470999974525,2,False,65618,warmup issued by orchestrator,
1778977719.858467,phase3_multidoc_both,before,eviction,orchestrator,merger,4116e3d6f157700ce30a8022489709a97a2b186c95f6b63d23e4dddea9a86d7b,,,,,,hot-set evicted: merger (fp=4116e3d6) under LRU cap (2),"{""phase"": ""adapt"", ""evicted_doc_id"": ""merger"", ""evicted_fingerprint"": ""4116e3d6f157700ce30a8022489709a97a2b186c95f6b63d23e4dddea9a86d7b"", ""hot_capacity"": 2}"
1778977719.858473,phase3_multidoc_both,before,decision,orchestrator,merger,4116e3d6f157700ce30a8022489709a97a2b186c95f6b63d23e4dddea9a86d7b,,,,,,evicted hot entry merger (fp=4116e3d6) under LRU cap (2),"{""phase"": ""adapt"", ""evicted"": true}"
1778977719.859492,phase3_multidoc_both,before,eviction,orchestrator,merger,01a0aedfba739857fe06ebe459bf1bcc6866cda536fc799d391f42cb6b779c08,,,,,,hot-set evicted: merger (fp=01a0aedf) under LRU cap (2),"{""phase"": ""adapt"", ""evicted_doc_id"": ""merger"", ""evicted_fingerprint"": ""01a0aedfba739857fe06ebe459bf1bcc6866cda536fc799d391f42cb6b779c08"", ""hot_capacity"": 2}"
1778977719.8594959,phase3_multidoc_both,before,decision,orchestrator,merger,01a0aedfba739857fe06ebe459bf1bcc6866cda536fc799d391f42cb6b779c08,,,,,,evicted hot entry merger (fp=01a0aedf) under LRU cap (2),"{""phase"": ""adapt"", ""evicted"": true}"
1778977719.8595042,phase3_multidoc_both,before,decision,orchestrator,discovery_v3,24d00999cd1ed8d40a4beb8febc03df21562f705666fcae84c5fea221161c211,,,,,,observed Auditor starting on discovery_v3 (fp=24d00999cd),"{""phase"": ""observe"", ""cursor"": 2}"
1778977763.983804,phase3_multidoc_both,before,task_completed,Auditor,discovery_v3,24d00999cd1ed8d40a4beb8febc03df21562f705666fcae84c5fea221161c211,37.078900749998866,44.123823541012825,96,False,65835,,
1778977763.983925,phase3_multidoc_both,before,decision,orchestrator,discovery_v3,,,,,,,no successor after Auditor; pipeline complete,"{""phase"": ""lookahead"", ""cursor"": 2}"
1778977763.984014,phase3_multidoc_both,after,decision,orchestrator,,,,,,,,loaded pipeline 'multi_doc_review': Screener -> Analyst -> Auditor,"{""pipeline"": ""multi_doc_review"", ""nodes"": [{""role"": ""Screener"", ""doc_id"": ""discovery""}, {""role"": ""Analyst"", ""doc_id"": ""merger""}, {""role"": ""Auditor"", ""doc_id"": ""discovery_v3""}]}"
1778977763.984237,phase3_multidoc_both,after,decision,orchestrator,discovery,b9cd08817a96e003ce8d607b0fae61c83069d505d6da8199c4cef4972644db3c,,,,,,observed Screener starting on discovery (fp=b9cd08817a),"{""phase"": ""observe"", ""cursor"": 0}"
1778977806.708271,phase3_multidoc_both,after,task_completed,Screener,discovery,b9cd08817a96e003ce8d607b0fae61c83069d505d6da8199c4cef4972644db3c,35.38980808400083,42.72358587497729,97,False,65229,,
1778977806.7084212,phase3_multidoc_both,after,decision,orchestrator,merger,,,,,,,next agent 'Analyst' needs doc 'merger'; firing keep-resident warmup for that doc,"{""phase"": ""act"", ""current"": {""role"": ""Screener"", ""doc_id"": ""discovery""}, ""next"": {""role"": ""Analyst"", ""doc_id"": ""merger""}}"
1778977844.6321821,phase3_multidoc_both,after,keep_resident_completed,orchestrator,merger,85b38e2125e06989a4ea143b3ace13fad48a84664cbe7f5b2b31ce18b89bb368,37.92252062499756,37.92312491699704,2,False,58770,warmup issued by orchestrator,
1778977844.632596,phase3_multidoc_both,after,decision,orchestrator,merger,85b38e2125e06989a4ea143b3ace13fad48a84664cbe7f5b2b31ce18b89bb368,,,,,,observed Analyst starting on merger (fp=85b38e2125),"{""phase"": ""observe"", ""cursor"": 1}"
1778977852.633994,phase3_multidoc_both,after,task_completed,Analyst,merger,85b38e2125e06989a4ea143b3ace13fad48a84664cbe7f5b2b31ce18b89bb368,0.566711541992845,8.001321082992945,97,True,58932,,
1778977852.634012,phase3_multidoc_both,after,decision,orchestrator,discovery_v3,,,,,,,next agent 'Auditor' needs doc 'discovery_v3'; firing keep-resident warmup for that doc,"{""phase"": ""act"", ""current"": {""role"": ""Analyst"", ""doc_id"": ""merger""}, ""next"": {""role"": ""Auditor"", ""doc_id"": ""discovery_v3""}}"
1778977852.634048,phase3_multidoc_both,after,near_duplicate_detected,orchestrator,discovery_v3,,,,,,,"near-duplicate: 'discovery_v3' ≈ 'discovery' (hamming=1/64, similarity=0.984); prefix cache will MISS but the orchestrator pre-warms it anyway","{""phase"": ""act"", ""candidate_doc_id"": ""discovery_v3"", ""matched_doc_id"": ""discovery"", ""hamming"": 1, ""similarity"": 0.984375, ""threshold"": 10}"
1778977889.467047,phase3_multidoc_both,after,keep_resident_completed,orchestrator,discovery_v3,f8dba46d06815ea61b00ca4d3b294a06f9186d3ac21a9e4cbca7db78eadca871,36.831753625010606,36.8325057500042,2,False,65573,warmup issued by orchestrator,
1778977889.4672918,phase3_multidoc_both,after,eviction,orchestrator,discovery,b9cd08817a96e003ce8d607b0fae61c83069d505d6da8199c4cef4972644db3c,,,,,,hot-set evicted: discovery (fp=b9cd0881) under LRU cap (2),"{""phase"": ""adapt"", ""evicted_doc_id"": ""discovery"", ""evicted_fingerprint"": ""b9cd08817a96e003ce8d607b0fae61c83069d505d6da8199c4cef4972644db3c"", ""hot_capacity"": 2}"
1778977889.467296,phase3_multidoc_both,after,decision,orchestrator,discovery,b9cd08817a96e003ce8d607b0fae61c83069d505d6da8199c4cef4972644db3c,,,,,,evicted hot entry discovery (fp=b9cd0881) under LRU cap (2),"{""phase"": ""adapt"", ""evicted"": true}"
1778977889.467533,phase3_multidoc_both,after,decision,orchestrator,discovery_v3,f8dba46d06815ea61b00ca4d3b294a06f9186d3ac21a9e4cbca7db78eadca871,,,,,,observed Auditor starting on discovery_v3 (fp=f8dba46d06),"{""phase"": ""observe"", ""cursor"": 2}"
1778977897.401759,phase3_multidoc_both,after,task_completed,Auditor,discovery_v3,f8dba46d06815ea61b00ca4d3b294a06f9186d3ac21a9e4cbca7db78eadca871,0.5501763329957612,7.934145792009076,97,True,65790,,
1778977897.4017742,phase3_multidoc_both,after,decision,orchestrator,discovery_v3,,,,,,,no successor after Auditor; pipeline complete,"{""phase"": ""lookahead"", ""cursor"": 2}"
1778982489.100731,demo_smoke,after,decision,orchestrator,,,,,,,,loaded pipeline 'multi_doc_review': Screener -> Analyst -> Auditor,"{""pipeline"": ""multi_doc_review"", ""nodes"": [{""role"": ""Screener"", ""doc_id"": ""discovery""}, {""role"": ""Analyst"", ""doc_id"": ""merger""}, {""role"": ""Auditor"", ""doc_id"": ""discovery_v3""}]}"
1778982489.1382241,demo_smoke,after,decision,orchestrator,discovery,b9cd08817a96e003ce8d607b0fae61c83069d505d6da8199c4cef4972644db3c,,,,,,observed Screener starting on discovery (fp=b9cd08817a),"{""phase"": ""observe"", ""cursor"": 0}"
1778982525.625949,demo_smoke,after,task_completed,Screener,discovery,b9cd08817a96e003ce8d607b0fae61c83069d505d6da8199c4cef4972644db3c,33.00418108300073,36.487166540988255,49,False,65229,,
1778982525.626096,demo_smoke,after,decision,orchestrator,merger,,,,,,,next agent 'Analyst' needs doc 'merger'; firing keep-resident warmup for that doc,"{""phase"": ""act"", ""current"": {""role"": ""Screener"", ""doc_id"": ""discovery""}, ""next"": {""role"": ""Analyst"", ""doc_id"": ""merger""}}"
1778982563.109866,demo_smoke,after,keep_resident_completed,orchestrator,merger,85b38e2125e06989a4ea143b3ace13fad48a84664cbe7f5b2b31ce18b89bb368,37.42992583301384,37.43074345801142,2,False,58770,warmup issued by orchestrator,
1778982563.111249,demo_smoke,after,decision,orchestrator,merger,85b38e2125e06989a4ea143b3ace13fad48a84664cbe7f5b2b31ce18b89bb368,,,,,,observed Analyst starting on merger (fp=85b38e2125),"{""phase"": ""observe"", ""cursor"": 1}"
1778982567.2843368,demo_smoke,after,task_completed,Analyst,merger,85b38e2125e06989a4ea143b3ace13fad48a84664cbe7f5b2b31ce18b89bb368,0.6024655420042109,4.173027542012278,49,True,58932,,
1778982567.28437,demo_smoke,after,decision,orchestrator,discovery_v3,,,,,,,next agent 'Auditor' needs doc 'discovery_v3'; firing keep-resident warmup for that doc,"{""phase"": ""act"", ""current"": {""role"": ""Analyst"", ""doc_id"": ""merger""}, ""next"": {""role"": ""Auditor"", ""doc_id"": ""discovery_v3""}}"
1778982567.319834,demo_smoke,after,near_duplicate_detected,orchestrator,discovery_v3,,,,,,,"near-duplicate: 'discovery_v3' ≈ 'discovery' (hamming=1/64, similarity=0.984); prefix cache will MISS but the orchestrator pre-warms it anyway","{""phase"": ""act"", ""candidate_doc_id"": ""discovery_v3"", ""matched_doc_id"": ""discovery"", ""hamming"": 1, ""similarity"": 0.984375, ""threshold"": 10}"
1778982604.0505788,demo_smoke,after,keep_resident_completed,orchestrator,discovery_v3,f8dba46d06815ea61b00ca4d3b294a06f9186d3ac21a9e4cbca7db78eadca871,36.72948429200915,36.73004633298842,2,False,65573,warmup issued by orchestrator,
1778982604.0508611,demo_smoke,after,eviction,orchestrator,discovery,b9cd08817a96e003ce8d607b0fae61c83069d505d6da8199c4cef4972644db3c,,,,,,hot-set evicted: discovery (fp=b9cd0881) under LRU cap (2),"{""phase"": ""adapt"", ""evicted_doc_id"": ""discovery"", ""evicted_fingerprint"": ""b9cd08817a96e003ce8d607b0fae61c83069d505d6da8199c4cef4972644db3c"", ""hot_capacity"": 2}"
1778982604.050868,demo_smoke,after,decision,orchestrator,discovery,b9cd08817a96e003ce8d607b0fae61c83069d505d6da8199c4cef4972644db3c,,,,,,evicted hot entry discovery (fp=b9cd0881) under LRU cap (2),"{""phase"": ""adapt"", ""evicted"": true}"
1778982604.051403,demo_smoke,after,decision,orchestrator,discovery_v3,f8dba46d06815ea61b00ca4d3b294a06f9186d3ac21a9e4cbca7db78eadca871,,,,,,observed Auditor starting on discovery_v3 (fp=f8dba46d06),"{""phase"": ""observe"", ""cursor"": 2}"
1778982608.1794822,demo_smoke,after,task_completed,Auditor,discovery_v3,f8dba46d06815ea61b00ca4d3b294a06f9186d3ac21a9e4cbca7db78eadca871,0.5799294169992208,4.1280157919973135,49,True,65790,,
1778982608.1794949,demo_smoke,after,decision,orchestrator,discovery_v3,,,,,,,no successor after Auditor; pipeline complete,"{""phase"": ""lookahead"", ""cursor"": 2}"
1778982876.1461399,demo_full,before,task_completed,Screener,discovery,00ee9dcb35fd2a0e02d9b65ce2b4c1c8cb2ea5112d582d1f8f43b4001b331283,33.545297083008336,37.03555950001464,49,False,65274,,
1778982915.1674151,demo_full,before,task_completed,Analyst,discovery,08d5e4bd60ef22be40f3ed2588123e27214ab72cb38843a358758a7a33a4f3b7,35.53435866700602,39.02004908298841,49,False,65315,,
1778982954.265443,demo_full,before,task_completed,Auditor,discovery,82af2d530e662d26f7660759735ec8c3c9b611e768a0918047a74a1555efa6c1,35.60851700001513,39.0967058330134,49,False,65370,,
1778982993.714227,demo_full,after,task_completed,Screener,discovery,b9cd08817a96e003ce8d607b0fae61c83069d505d6da8199c4cef4972644db3c,35.64053137501469,39.44751612501568,49,False,65229,,
1778982998.035796,demo_full,after,task_completed,Analyst,discovery,b9cd08817a96e003ce8d607b0fae61c83069d505d6da8199c4cef4972644db3c,0.5876509579829872,4.320899040991208,49,True,65270,,
1778983002.3046012,demo_full,after,task_completed,Auditor,discovery,b9cd08817a96e003ce8d607b0fae61c83069d505d6da8199c4cef4972644db3c,0.5329947500140406,4.2685138750239275,49,True,65325,,
1778983002.3047822,demo_full,after,decision,orchestrator,,,,,,,,loaded pipeline 'multi_doc_review': Screener -> Analyst -> Auditor,"{""pipeline"": ""multi_doc_review"", ""nodes"": [{""role"": ""Screener"", ""doc_id"": ""discovery""}, {""role"": ""Analyst"", ""doc_id"": ""merger""}, {""role"": ""Auditor"", ""doc_id"": ""discovery_v3""}]}"
1778983002.341773,demo_full,after,decision,orchestrator,discovery,b9cd08817a96e003ce8d607b0fae61c83069d505d6da8199c4cef4972644db3c,,,,,,observed Screener starting on discovery (fp=b9cd08817a),"{""phase"": ""observe"", ""cursor"": 0}"
1778983006.5313878,demo_full,after,task_completed,Screener,discovery,b9cd08817a96e003ce8d607b0fae61c83069d505d6da8199c4cef4972644db3c,0.43991458299569786,4.189555666001979,49,True,65229,,
1778983006.531428,demo_full,after,decision,orchestrator,merger,,,,,,,next agent 'Analyst' needs doc 'merger'; firing keep-resident warmup for that doc,"{""phase"": ""act"", ""current"": {""role"": ""Screener"", ""doc_id"": ""discovery""}, ""next"": {""role"": ""Analyst"", ""doc_id"": ""merger""}}"
1778983044.805752,demo_full,after,keep_resident_completed,orchestrator,merger,85b38e2125e06989a4ea143b3ace13fad48a84664cbe7f5b2b31ce18b89bb368,38.23738725000294,38.23786566601484,2,False,58770,warmup issued by orchestrator,
1778983044.806468,demo_full,after,decision,orchestrator,merger,85b38e2125e06989a4ea143b3ace13fad48a84664cbe7f5b2b31ce18b89bb368,,,,,,observed Analyst starting on merger (fp=85b38e2125),"{""phase"": ""observe"", ""cursor"": 1}"
1778983048.9665039,demo_full,after,task_completed,Analyst,merger,85b38e2125e06989a4ea143b3ace13fad48a84664cbe7f5b2b31ce18b89bb368,0.556631915998878,4.159977958013769,49,True,58932,,
1778983048.966547,demo_full,after,decision,orchestrator,discovery_v3,,,,,,,next agent 'Auditor' needs doc 'discovery_v3'; firing keep-resident warmup for that doc,"{""phase"": ""act"", ""current"": {""role"": ""Analyst"", ""doc_id"": ""merger""}, ""next"": {""role"": ""Auditor"", ""doc_id"": ""discovery_v3""}}"
1778983049.0082738,demo_full,after,near_duplicate_detected,orchestrator,discovery_v3,,,,,,,"near-duplicate: 'discovery_v3' ≈ 'discovery' (hamming=1/64, similarity=0.984); prefix cache will MISS but the orchestrator pre-warms it anyway","{""phase"": ""act"", ""candidate_doc_id"": ""discovery_v3"", ""matched_doc_id"": ""discovery"", ""hamming"": 1, ""similarity"": 0.984375, ""threshold"": 10}"
1778983085.779071,demo_full,after,keep_resident_completed,orchestrator,discovery_v3,f8dba46d06815ea61b00ca4d3b294a06f9186d3ac21a9e4cbca7db78eadca871,36.769140999997035,36.77006541599985,2,False,65573,warmup issued by orchestrator,
1778983085.779596,demo_full,after,eviction,orchestrator,discovery,b9cd08817a96e003ce8d607b0fae61c83069d505d6da8199c4cef4972644db3c,,,,,,hot-set evicted: discovery (fp=b9cd0881) under LRU cap (2),"{""phase"": ""adapt"", ""evicted_doc_id"": ""discovery"", ""evicted_fingerprint"": ""b9cd08817a96e003ce8d607b0fae61c83069d505d6da8199c4cef4972644db3c"", ""hot_capacity"": 2}"
1778983085.779605,demo_full,after,decision,orchestrator,discovery,b9cd08817a96e003ce8d607b0fae61c83069d505d6da8199c4cef4972644db3c,,,,,,evicted hot entry discovery (fp=b9cd0881) under LRU cap (2),"{""phase"": ""adapt"", ""evicted"": true}"
1778983085.780502,demo_full,after,decision,orchestrator,discovery_v3,f8dba46d06815ea61b00ca4d3b294a06f9186d3ac21a9e4cbca7db78eadca871,,,,,,observed Auditor starting on discovery_v3 (fp=f8dba46d06),"{""phase"": ""observe"", ""cursor"": 2}"
1778983089.9370382,demo_full,after,task_completed,Auditor,discovery_v3,f8dba46d06815ea61b00ca4d3b294a06f9186d3ac21a9e4cbca7db78eadca871,0.5736025410005823,4.156462999992073,49,True,65790,,
1778983089.937054,demo_full,after,decision,orchestrator,discovery_v3,,,,,,,no successor after Auditor; pipeline complete,"{""phase"": ""lookahead"", ""cursor"": 2}"
1778983773.331115,live_demo,before,task_completed,Screener,discovery,ab6cf2a5fbdbf42e1efc5bddfd959b69f4df436dfd14d4b2d130b570d7cdc448,33.29349029198056,36.74307745799888,49,False,65274,,
1778983813.648942,live_demo,before,task_completed,Analyst,discovery,3ce353e3ee1aa1d224c39733621734ff896f00209141de2c819e6d594085218c,36.730653500009794,40.31553812502534,49,False,65315,,
1778983852.670153,live_demo,before,task_completed,Auditor,discovery,9c15e537c3afd104d29754b68330931bd6d097212622b702db217a2f1969bb2d,35.55944545799866,39.01947162501165,49,False,65370,,
1778983891.6131709,live_demo,after,task_completed,Screener,discovery,b9cd08817a96e003ce8d607b0fae61c83069d505d6da8199c4cef4972644db3c,35.434964500018395,38.94123895899975,49,False,65229,,
1778983895.6572402,live_demo,after,task_completed,Analyst,discovery,b9cd08817a96e003ce8d607b0fae61c83069d505d6da8199c4cef4972644db3c,0.542779542010976,4.04282833400066,49,True,65270,,
1778983899.619663,live_demo,after,task_completed,Auditor,discovery,b9cd08817a96e003ce8d607b0fae61c83069d505d6da8199c4cef4972644db3c,0.5217224590014666,3.961967334005749,49,True,65325,,
1778983899.620068,live_demo,after,decision,orchestrator,,,,,,,,loaded pipeline 'multi_doc_review': Screener -> Analyst -> Auditor,"{""pipeline"": ""multi_doc_review"", ""nodes"": [{""role"": ""Screener"", ""doc_id"": ""discovery""}, {""role"": ""Analyst"", ""doc_id"": ""merger""}, {""role"": ""Auditor"", ""doc_id"": ""discovery_v3""}]}"
1778983899.661227,live_demo,after,decision,orchestrator,discovery,b9cd08817a96e003ce8d607b0fae61c83069d505d6da8199c4cef4972644db3c,,,,,,observed Screener starting on discovery (fp=b9cd08817a),"{""phase"": ""observe"", ""cursor"": 0}"
1778983903.529473,live_demo,after,task_completed,Screener,discovery,b9cd08817a96e003ce8d607b0fae61c83069d505d6da8199c4cef4972644db3c,0.43621862499276176,3.868157999997493,49,True,65229,,
1778983903.529568,live_demo,after,decision,orchestrator,merger,,,,,,,next agent 'Analyst' needs doc 'merger'; firing keep-resident warmup for that doc,"{""phase"": ""act"", ""current"": {""role"": ""Screener"", ""doc_id"": ""discovery""}, ""next"": {""role"": ""Analyst"", ""doc_id"": ""merger""}}"
1778983941.374491,live_demo,after,keep_resident_completed,orchestrator,merger,85b38e2125e06989a4ea143b3ace13fad48a84664cbe7f5b2b31ce18b89bb368,37.79166279200581,37.79221887499443,2,False,58770,warmup issued by orchestrator,
1778983941.3753622,live_demo,after,decision,orchestrator,merger,85b38e2125e06989a4ea143b3ace13fad48a84664cbe7f5b2b31ce18b89bb368,,,,,,observed Analyst starting on merger (fp=85b38e2125),"{""phase"": ""observe"", ""cursor"": 1}"
1778983945.566278,live_demo,after,task_completed,Analyst,merger,85b38e2125e06989a4ea143b3ace13fad48a84664cbe7f5b2b31ce18b89bb368,0.5656109999981709,4.190845625009388,49,True,58932,,
1778983945.56637,live_demo,after,decision,orchestrator,discovery_v3,,,,,,,next agent 'Auditor' needs doc 'discovery_v3'; firing keep-resident warmup for that doc,"{""phase"": ""act"", ""current"": {""role"": ""Analyst"", ""doc_id"": ""merger""}, ""next"": {""role"": ""Auditor"", ""doc_id"": ""discovery_v3""}}"
1778983945.6113951,live_demo,after,near_duplicate_detected,orchestrator,discovery_v3,,,,,,,"near-duplicate: 'discovery_v3' ≈ 'discovery' (hamming=1/64, similarity=0.984); prefix cache will MISS but the orchestrator pre-warms it anyway","{""phase"": ""act"", ""candidate_doc_id"": ""discovery_v3"", ""matched_doc_id"": ""discovery"", ""hamming"": 1, ""similarity"": 0.984375, ""threshold"": 10}"
1778983982.482382,live_demo,after,keep_resident_completed,orchestrator,discovery_v3,f8dba46d06815ea61b00ca4d3b294a06f9186d3ac21a9e4cbca7db78eadca871,36.8697536670079,36.8702523749962,2,False,65573,warmup issued by orchestrator,
1778983982.4826949,live_demo,after,eviction,orchestrator,discovery,b9cd08817a96e003ce8d607b0fae61c83069d505d6da8199c4cef4972644db3c,,,,,,hot-set evicted: discovery (fp=b9cd0881) under LRU cap (2),"{""phase"": ""adapt"", ""evicted_doc_id"": ""discovery"", ""evicted_fingerprint"": ""b9cd08817a96e003ce8d607b0fae61c83069d505d6da8199c4cef4972644db3c"", ""hot_capacity"": 2}"
1778983982.482702,live_demo,after,decision,orchestrator,discovery,b9cd08817a96e003ce8d607b0fae61c83069d505d6da8199c4cef4972644db3c,,,,,,evicted hot entry discovery (fp=b9cd0881) under LRU cap (2),"{""phase"": ""adapt"", ""evicted"": true}"
1778983982.483265,live_demo,after,decision,orchestrator,discovery_v3,f8dba46d06815ea61b00ca4d3b294a06f9186d3ac21a9e4cbca7db78eadca871,,,,,,observed Auditor starting on discovery_v3 (fp=f8dba46d06),"{""phase"": ""observe"", ""cursor"": 2}"
1778983986.63499,live_demo,after,task_completed,Auditor,discovery_v3,f8dba46d06815ea61b00ca4d3b294a06f9186d3ac21a9e4cbca7db78eadca871,0.5724123749823775,4.151650416984921,49,True,65790,,
1778983986.635008,live_demo,after,decision,orchestrator,discovery_v3,,,,,,,no successor after Auditor; pipeline complete,"{""phase"": ""lookahead"", ""cursor"": 2}"
1778986564.3770812,live_demo,before,task_completed,Screener,discovery,6a57a06095bdda84c9ab781dd82b2f42ee68058fe2c61b8cbfd13baddb12b3ca,33.18438766698819,36.694482916995184,49,False,65274,,
1778986602.679082,live_demo,before,task_completed,Analyst,discovery,3f8f4f0699113ec72314fbc5a2a1193632e8051c44953877d0fbad44f6cfc062,34.81302791601047,38.29963566601509,49,False,65315,,
1778986641.96674,live_demo,before,task_completed,Auditor,discovery,d6e0da79b7ebf148787a3158cae5a53a3566feb3d1ad721fcf2fa1ef1de867d8,35.81681220798055,39.28596616600407,49,False,65370,,
1778986680.977001,live_demo,after,task_completed,Screener,discovery,b9cd08817a96e003ce8d607b0fae61c83069d505d6da8199c4cef4972644db3c,35.531260874995496,39.00848579101148,49,False,65229,,
1778986685.039506,live_demo,after,task_completed,Analyst,discovery,b9cd08817a96e003ce8d607b0fae61c83069d505d6da8199c4cef4972644db3c,0.5717060830211267,4.060858250013553,49,True,65270,,
1778986689.016371,live_demo,after,task_completed,Auditor,discovery,b9cd08817a96e003ce8d607b0fae61c83069d505d6da8199c4cef4972644db3c,0.5069412089942489,3.9765052500006277,49,True,65325,,
1778986689.016802,live_demo,after,decision,orchestrator,,,,,,,,loaded pipeline 'multi_doc_review': Screener -> Analyst -> Auditor,"{""pipeline"": ""multi_doc_review"", ""nodes"": [{""role"": ""Screener"", ""doc_id"": ""discovery""}, {""role"": ""Analyst"", ""doc_id"": ""merger""}, {""role"": ""Auditor"", ""doc_id"": ""discovery_v3""}]}"
1778986689.077815,live_demo,after,decision,orchestrator,discovery,b9cd08817a96e003ce8d607b0fae61c83069d505d6da8199c4cef4972644db3c,,,,,,observed Screener starting on discovery (fp=b9cd08817a),"{""phase"": ""observe"", ""cursor"": 0}"
1778986692.974709,live_demo,after,task_completed,Screener,discovery,b9cd08817a96e003ce8d607b0fae61c83069d505d6da8199c4cef4972644db3c,0.43660554199595936,3.8968348340131342,49,True,65229,,
1778986692.974756,live_demo,after,decision,orchestrator,merger,,,,,,,next agent 'Analyst' needs doc 'merger'; firing keep-resident warmup for that doc,"{""phase"": ""act"", ""current"": {""role"": ""Screener"", ""doc_id"": ""discovery""}, ""next"": {""role"": ""Analyst"", ""doc_id"": ""merger""}}"
1778986730.814569,live_demo,after,keep_resident_completed,orchestrator,merger,85b38e2125e06989a4ea143b3ace13fad48a84664cbe7f5b2b31ce18b89bb368,37.79942141700303,37.79996316699544,2,False,58770,warmup issued by orchestrator,
1778986730.8156302,live_demo,after,decision,orchestrator,merger,85b38e2125e06989a4ea143b3ace13fad48a84664cbe7f5b2b31ce18b89bb368,,,,,,observed Analyst starting on merger (fp=85b38e2125),"{""phase"": ""observe"", ""cursor"": 1}"
1778986734.9355478,live_demo,after,task_completed,Analyst,merger,85b38e2125e06989a4ea143b3ace13fad48a84664cbe7f5b2b31ce18b89bb368,0.5560221660125535,4.1198409580101725,49,True,58932,,
1778986734.935667,live_demo,after,decision,orchestrator,discovery_v3,,,,,,,next agent 'Auditor' needs doc 'discovery_v3'; firing keep-resident warmup for that doc,"{""phase"": ""act"", ""current"": {""role"": ""Analyst"", ""doc_id"": ""merger""}, ""next"": {""role"": ""Auditor"", ""doc_id"": ""discovery_v3""}}"
1778986734.986474,live_demo,after,near_duplicate_detected,orchestrator,discovery_v3,,,,,,,"near-duplicate: 'discovery_v3' ≈ 'discovery' (hamming=1/64, similarity=0.984); prefix cache will MISS but the orchestrator pre-warms it anyway","{""phase"": ""act"", ""candidate_doc_id"": ""discovery_v3"", ""matched_doc_id"": ""discovery"", ""hamming"": 1, ""similarity"": 0.984375, ""threshold"": 10}"
1778986771.813115,live_demo,after,keep_resident_completed,orchestrator,discovery_v3,f8dba46d06815ea61b00ca4d3b294a06f9186d3ac21a9e4cbca7db78eadca871,36.824694666982396,36.82569962498383,2,False,65573,warmup issued by orchestrator,
1778986771.813613,live_demo,after,eviction,orchestrator,discovery,b9cd08817a96e003ce8d607b0fae61c83069d505d6da8199c4cef4972644db3c,,,,,,hot-set evicted: discovery (fp=b9cd0881) under LRU cap (2),"{""phase"": ""adapt"", ""evicted_doc_id"": ""discovery"", ""evicted_fingerprint"": ""b9cd08817a96e003ce8d607b0fae61c83069d505d6da8199c4cef4972644db3c"", ""hot_capacity"": 2}"
1778986771.813622,live_demo,after,decision,orchestrator,discovery,b9cd08817a96e003ce8d607b0fae61c83069d505d6da8199c4cef4972644db3c,,,,,,evicted hot entry discovery (fp=b9cd0881) under LRU cap (2),"{""phase"": ""adapt"", ""evicted"": true}"
1778986771.8142579,live_demo,after,decision,orchestrator,discovery_v3,f8dba46d06815ea61b00ca4d3b294a06f9186d3ac21a9e4cbca7db78eadca871,,,,,,observed Auditor starting on discovery_v3 (fp=f8dba46d06),"{""phase"": ""observe"", ""cursor"": 2}"
1778986775.9222798,live_demo,after,task_completed,Auditor,discovery_v3,f8dba46d06815ea61b00ca4d3b294a06f9186d3ac21a9e4cbca7db78eadca871,0.571925750002265,4.1079397090070415,49,True,65790,,
1778986775.922305,live_demo,after,decision,orchestrator,discovery_v3,,,,,,,no successor after Auditor; pipeline complete,"{""phase"": ""lookahead"", ""cursor"": 2}"
1778986957.1790452,live_demo,before,task_completed,Screener,discovery,356c2fae28a3fa79e20d6db95e7e0bde541c39a3b5cf66a118c1c8c403294568,33.7300893329957,37.184057083009975,49,False,65274,,
1778986996.291039,live_demo,before,task_completed,Analyst,discovery,efbb5bb6e9e691470c9f42c1d7335b9817e1319144c1320d8f8b50f94fcd4382,35.61581462499453,39.11065950000193,49,False,65315,,
1778987078.187482,live_demo,before,task_completed,Screener,discovery,5a3316255d50eb9b05f3207cb5b35e57591a6679873b670d88b3813205ccdf1e,35.205214249988785,38.66913716599811,49,False,65274,,
1778987117.239074,live_demo,before,task_completed,Analyst,discovery,5f04d5159e54721f4950d7abf632d1390508b630804fbb52939c26b232297dc1,35.6152493749978,39.07019337499514,49,False,65315,,
1778987156.42319,live_demo,before,task_completed,Auditor,discovery,7fa7c88d0ea127a7d1bd76c64776802c03f26e96cf0fce250191fcbe84f017c8,35.695756665983936,39.189408332982566,49,False,65370,,
1778987195.8105211,live_demo,after,task_completed,Screener,discovery,b9cd08817a96e003ce8d607b0fae61c83069d505d6da8199c4cef4972644db3c,35.525524915981805,39.3859443749825,49,False,65229,,
1778987200.113006,live_demo,after,task_completed,Analyst,discovery,b9cd08817a96e003ce8d607b0fae61c83069d505d6da8199c4cef4972644db3c,0.6157887500012293,4.302057958004298,49,True,65270,,
1778987204.214862,live_demo,after,task_completed,Auditor,discovery,b9cd08817a96e003ce8d607b0fae61c83069d505d6da8199c4cef4972644db3c,0.5123683340207208,4.101322917005746,49,True,65325,,
1778987204.215074,live_demo,after,decision,orchestrator,,,,,,,,loaded pipeline 'multi_doc_review': Screener -> Analyst -> Auditor,"{""pipeline"": ""multi_doc_review"", ""nodes"": [{""role"": ""Screener"", ""doc_id"": ""discovery""}, {""role"": ""Analyst"", ""doc_id"": ""merger""}, {""role"": ""Auditor"", ""doc_id"": ""discovery_v3""}]}"
1778987204.251704,live_demo,after,decision,orchestrator,discovery,b9cd08817a96e003ce8d607b0fae61c83069d505d6da8199c4cef4972644db3c,,,,,,observed Screener starting on discovery (fp=b9cd08817a),"{""phase"": ""observe"", ""cursor"": 0}"
1778987208.254169,live_demo,after,task_completed,Screener,discovery,b9cd08817a96e003ce8d607b0fae61c83069d505d6da8199c4cef4972644db3c,0.43494333399576135,4.0024157500010915,49,True,65229,,
1778987208.254255,live_demo,after,decision,orchestrator,merger,,,,,,,next agent 'Analyst' needs doc 'merger'; firing keep-resident warmup for that doc,"{""phase"": ""act"", ""current"": {""role"": ""Screener"", ""doc_id"": ""discovery""}, ""next"": {""role"": ""Analyst"", ""doc_id"": ""merger""}}"
1778987246.143541,live_demo,after,keep_resident_completed,orchestrator,merger,85b38e2125e06989a4ea143b3ace13fad48a84664cbe7f5b2b31ce18b89bb368,37.85100387502462,37.8518459580082,2,False,58770,warmup issued by orchestrator,
1778987246.144773,live_demo,after,decision,orchestrator,merger,85b38e2125e06989a4ea143b3ace13fad48a84664cbe7f5b2b31ce18b89bb368,,,,,,observed Analyst starting on merger (fp=85b38e2125),"{""phase"": ""observe"", ""cursor"": 1}"
1778987250.4949791,live_demo,after,task_completed,Analyst,merger,85b38e2125e06989a4ea143b3ace13fad48a84664cbe7f5b2b31ce18b89bb368,0.5670021250261925,4.3501813750190195,49,True,58932,,
1778987250.495031,live_demo,after,decision,orchestrator,discovery_v3,,,,,,,next agent 'Auditor' needs doc 'discovery_v3'; firing keep-resident warmup for that doc,"{""phase"": ""act"", ""current"": {""role"": ""Analyst"", ""doc_id"": ""merger""}, ""next"": {""role"": ""Auditor"", ""doc_id"": ""discovery_v3""}}"
1778987250.53693,live_demo,after,near_duplicate_detected,orchestrator,discovery_v3,,,,,,,"near-duplicate: 'discovery_v3' ≈ 'discovery' (hamming=1/64, similarity=0.984); prefix cache will MISS but the orchestrator pre-warms it anyway","{""phase"": ""act"", ""candidate_doc_id"": ""discovery_v3"", ""matched_doc_id"": ""discovery"", ""hamming"": 1, ""similarity"": 0.984375, ""threshold"": 10}"
1778987287.419436,live_demo,after,keep_resident_completed,orchestrator,discovery_v3,f8dba46d06815ea61b00ca4d3b294a06f9186d3ac21a9e4cbca7db78eadca871,36.88128008399508,36.88211829200736,2,False,65573,warmup issued by orchestrator,
1778987287.419986,live_demo,after,eviction,orchestrator,discovery,b9cd08817a96e003ce8d607b0fae61c83069d505d6da8199c4cef4972644db3c,,,,,,hot-set evicted: discovery (fp=b9cd0881) under LRU cap (2),"{""phase"": ""adapt"", ""evicted_doc_id"": ""discovery"", ""evicted_fingerprint"": ""b9cd08817a96e003ce8d607b0fae61c83069d505d6da8199c4cef4972644db3c"", ""hot_capacity"": 2}"
1778987287.419994,live_demo,after,decision,orchestrator,discovery,b9cd08817a96e003ce8d607b0fae61c83069d505d6da8199c4cef4972644db3c,,,,,,evicted hot entry discovery (fp=b9cd0881) under LRU cap (2),"{""phase"": ""adapt"", ""evicted"": true}"
1778987287.420722,live_demo,after,decision,orchestrator,discovery_v3,f8dba46d06815ea61b00ca4d3b294a06f9186d3ac21a9e4cbca7db78eadca871,,,,,,observed Auditor starting on discovery_v3 (fp=f8dba46d06),"{""phase"": ""observe"", ""cursor"": 2}"
1778987291.543316,live_demo,after,task_completed,Auditor,discovery_v3,f8dba46d06815ea61b00ca4d3b294a06f9186d3ac21a9e4cbca7db78eadca871,0.5577427090029232,4.122548000013921,49,True,65790,,
1778987291.543342,live_demo,after,decision,orchestrator,discovery_v3,,,,,,,no successor after Auditor; pipeline complete,"{""phase"": ""lookahead"", ""cursor"": 2}"
1778987723.949174,demo_s3_reordered,after,decision,orchestrator,,,,,,,,loaded pipeline 'multi_doc_review': Screener -> Analyst -> Auditor,"{""pipeline"": ""multi_doc_review"", ""nodes"": [{""role"": ""Screener"", ""doc_id"": ""merger""}, {""role"": ""Analyst"", ""doc_id"": ""discovery_v3""}, {""role"": ""Auditor"", ""doc_id"": ""discovery""}]}"
1778987723.9873018,demo_s3_reordered,after,decision,orchestrator,merger,85b38e2125e06989a4ea143b3ace13fad48a84664cbe7f5b2b31ce18b89bb368,,,,,,observed Screener starting on merger (fp=85b38e2125),"{""phase"": ""observe"", ""cursor"": 0}"
1778987763.1709812,demo_s3_reordered,after,task_completed,Screener,merger,85b38e2125e06989a4ea143b3ace13fad48a84664cbe7f5b2b31ce18b89bb368,35.6491142080049,39.183409791992744,49,False,58891,,
1778987763.171154,demo_s3_reordered,after,decision,orchestrator,discovery_v3,,,,,,,next agent 'Analyst' needs doc 'discovery_v3'; firing keep-resident warmup for that doc,"{""phase"": ""act"", ""current"": {""role"": ""Screener"", ""doc_id"": ""merger""}, ""next"": {""role"": ""Analyst"", ""doc_id"": ""discovery_v3""}}"
1778987799.8626509,demo_s3_reordered,after,keep_resident_completed,orchestrator,discovery_v3,f8dba46d06815ea61b00ca4d3b294a06f9186d3ac21a9e4cbca7db78eadca871,36.64184783300152,36.64223437500186,2,False,65573,warmup issued by orchestrator,
1778987799.863263,demo_s3_reordered,after,decision,orchestrator,discovery_v3,f8dba46d06815ea61b00ca4d3b294a06f9186d3ac21a9e4cbca7db78eadca871,,,,,,observed Analyst starting on discovery_v3 (fp=f8dba46d06),"{""phase"": ""observe"", ""cursor"": 1}"
1778987803.891219,demo_s3_reordered,after,task_completed,Analyst,discovery_v3,f8dba46d06815ea61b00ca4d3b294a06f9186d3ac21a9e4cbca7db78eadca871,0.5455134160001762,4.027937083010329,49,True,65735,,
1778987803.8912609,demo_s3_reordered,after,decision,orchestrator,discovery,,,,,,,next agent 'Auditor' needs doc 'discovery'; firing keep-resident warmup for that doc,"{""phase"": ""act"", ""current"": {""role"": ""Analyst"", ""doc_id"": ""discovery_v3""}, ""next"": {""role"": ""Auditor"", ""doc_id"": ""discovery""}}"
1778987803.928493,demo_s3_reordered,after,near_duplicate_detected,orchestrator,discovery,,,,,,,"near-duplicate: 'discovery' ≈ 'discovery_v3' (hamming=1/64, similarity=0.984); prefix cache will MISS but the orchestrator pre-warms it anyway","{""phase"": ""act"", ""candidate_doc_id"": ""discovery"", ""matched_doc_id"": ""discovery_v3"", ""hamming"": 1, ""similarity"": 0.984375, ""threshold"": 10}"
1778987839.448119,demo_s3_reordered,after,keep_resident_completed,orchestrator,discovery,b9cd08817a96e003ce8d607b0fae61c83069d505d6da8199c4cef4972644db3c,35.51887229201384,35.51931566701387,2,False,65108,warmup issued by orchestrator,
1778987839.448374,demo_s3_reordered,after,eviction,orchestrator,merger,85b38e2125e06989a4ea143b3ace13fad48a84664cbe7f5b2b31ce18b89bb368,,,,,,hot-set evicted: merger (fp=85b38e21) under LRU cap (2),"{""phase"": ""adapt"", ""evicted_doc_id"": ""merger"", ""evicted_fingerprint"": ""85b38e2125e06989a4ea143b3ace13fad48a84664cbe7f5b2b31ce18b89bb368"", ""hot_capacity"": 2}"
1778987839.44838,demo_s3_reordered,after,decision,orchestrator,merger,85b38e2125e06989a4ea143b3ace13fad48a84664cbe7f5b2b31ce18b89bb368,,,,,,evicted hot entry merger (fp=85b38e21) under LRU cap (2),"{""phase"": ""adapt"", ""evicted"": true}"
1778987839.4488971,demo_s3_reordered,after,decision,orchestrator,discovery,b9cd08817a96e003ce8d607b0fae61c83069d505d6da8199c4cef4972644db3c,,,,,,observed Auditor starting on discovery (fp=b9cd08817a),"{""phase"": ""observe"", ""cursor"": 2}"
1778987843.468575,demo_s3_reordered,after,task_completed,Auditor,discovery,b9cd08817a96e003ce8d607b0fae61c83069d505d6da8199c4cef4972644db3c,0.5323131250042934,4.019649458001368,49,True,65325,,
1778987843.4686,demo_s3_reordered,after,decision,orchestrator,discovery,,,,,,,no successor after Auditor; pipeline complete,"{""phase"": ""lookahead"", ""cursor"": 2}"
1778987909.6547358,demo_full,before,task_completed,Screener,discovery,06aa837de611b17d3f34d8c6630ed05636475e8227b02985daf9967daf739fc4,34.766428292001365,38.38326883400441,49,False,65274,,
1778987948.637846,demo_full,before,task_completed,Analyst,discovery,a4a77ac8b2014fb1a51977b3bc7741d85a69d0fdd7522b2ed1e3f823cd0f9311,35.564935665985104,38.981987207982456,49,False,65315,,
1778987987.49872,demo_full,before,task_completed,Auditor,discovery,4f7acdaebcb7aa9236e85f8b87eb74c06f58b583c0f111636f789c9997c99d4f,35.47017341598985,38.8599716660101,49,False,65370,,
1778988026.529352,demo_full,after,task_completed,Screener,discovery,b9cd08817a96e003ce8d607b0fae61c83069d505d6da8199c4cef4972644db3c,35.63066641698242,39.02913870799239,49,False,65229,,
1778988030.485322,demo_full,after,task_completed,Analyst,discovery,b9cd08817a96e003ce8d607b0fae61c83069d505d6da8199c4cef4972644db3c,0.5572245000221301,3.9551125000289176,49,True,65270,,
1778988034.3789709,demo_full,after,task_completed,Auditor,discovery,b9cd08817a96e003ce8d607b0fae61c83069d505d6da8199c4cef4972644db3c,0.5012510000087786,3.893362333008554,49,True,65325,,
1778988034.379216,demo_full,after,decision,orchestrator,,,,,,,,loaded pipeline 'multi_doc_review': Screener -> Analyst -> Auditor,"{""pipeline"": ""multi_doc_review"", ""nodes"": [{""role"": ""Screener"", ""doc_id"": ""merger""}, {""role"": ""Analyst"", ""doc_id"": ""discovery_v3""}, {""role"": ""Auditor"", ""doc_id"": ""discovery""}]}"
1778988034.4198349,demo_full,after,decision,orchestrator,merger,85b38e2125e06989a4ea143b3ace13fad48a84664cbe7f5b2b31ce18b89bb368,,,,,,observed Screener starting on merger (fp=85b38e2125),"{""phase"": ""observe"", ""cursor"": 0}"
1778988075.751758,demo_full,after,task_completed,Screener,merger,85b38e2125e06989a4ea143b3ace13fad48a84664cbe7f5b2b31ce18b89bb368,37.78164695898886,41.33179754199227,49,False,58891,,
1778988075.751981,demo_full,after,decision,orchestrator,discovery_v3,,,,,,,next agent 'Analyst' needs doc 'discovery_v3'; firing keep-resident warmup for that doc,"{""phase"": ""act"", ""current"": {""role"": ""Screener"", ""doc_id"": ""merger""}, ""next"": {""role"": ""Analyst"", ""doc_id"": ""discovery_v3""}}"
1778988112.70381,demo_full,after,keep_resident_completed,orchestrator,discovery_v3,f8dba46d06815ea61b00ca4d3b294a06f9186d3ac21a9e4cbca7db78eadca871,36.91581504099304,36.916248458001064,2,False,65573,warmup issued by orchestrator,
1778988112.705361,demo_full,after,decision,orchestrator,discovery_v3,f8dba46d06815ea61b00ca4d3b294a06f9186d3ac21a9e4cbca7db78eadca871,,,,,,observed Analyst starting on discovery_v3 (fp=f8dba46d06),"{""phase"": ""observe"", ""cursor"": 1}"
1778988116.9747589,demo_full,after,task_completed,Analyst,discovery_v3,f8dba46d06815ea61b00ca4d3b294a06f9186d3ac21a9e4cbca7db78eadca871,0.5977150410180911,4.2693803750153165,49,True,65735,,
1778988116.9747999,demo_full,after,decision,orchestrator,discovery,,,,,,,next agent 'Auditor' needs doc 'discovery'; firing keep-resident warmup for that doc,"{""phase"": ""act"", ""current"": {""role"": ""Analyst"", ""doc_id"": ""discovery_v3""}, ""next"": {""role"": ""Auditor"", ""doc_id"": ""discovery""}}"
1778988117.0099971,demo_full,after,near_duplicate_detected,orchestrator,discovery,,,,,,,"near-duplicate: 'discovery' ≈ 'discovery_v3' (hamming=1/64, similarity=0.984); prefix cache will MISS but the orchestrator pre-warms it anyway","{""phase"": ""act"", ""candidate_doc_id"": ""discovery"", ""matched_doc_id"": ""discovery_v3"", ""hamming"": 1, ""similarity"": 0.984375, ""threshold"": 10}"
1778988152.311578,demo_full,after,keep_resident_completed,orchestrator,discovery,b9cd08817a96e003ce8d607b0fae61c83069d505d6da8199c4cef4972644db3c,35.30053254199447,35.30118687500362,2,False,65108,warmup issued by orchestrator,
1778988152.3119628,demo_full,after,eviction,orchestrator,merger,85b38e2125e06989a4ea143b3ace13fad48a84664cbe7f5b2b31ce18b89bb368,,,,,,hot-set evicted: merger (fp=85b38e21) under LRU cap (2),"{""phase"": ""adapt"", ""evicted_doc_id"": ""merger"", ""evicted_fingerprint"": ""85b38e2125e06989a4ea143b3ace13fad48a84664cbe7f5b2b31ce18b89bb368"", ""hot_capacity"": 2}"
1778988152.31197,demo_full,after,decision,orchestrator,merger,85b38e2125e06989a4ea143b3ace13fad48a84664cbe7f5b2b31ce18b89bb368,,,,,,evicted hot entry merger (fp=85b38e21) under LRU cap (2),"{""phase"": ""adapt"", ""evicted"": true}"
1778988152.313023,demo_full,after,decision,orchestrator,discovery,b9cd08817a96e003ce8d607b0fae61c83069d505d6da8199c4cef4972644db3c,,,,,,observed Auditor starting on discovery (fp=b9cd08817a),"{""phase"": ""observe"", ""cursor"": 2}"
1778988156.279726,demo_full,after,task_completed,Auditor,discovery,b9cd08817a96e003ce8d607b0fae61c83069d505d6da8199c4cef4972644db3c,0.5453614580037538,3.966676958021708,49,True,65325,,
1778988156.279744,demo_full,after,decision,orchestrator,discovery,,,,,,,no successor after Auditor; pipeline complete,"{""phase"": ""lookahead"", ""cursor"": 2}"
1778988396.157641,live_demo,before,task_completed,Screener,discovery,b020c6def0e449d21874438600732671012c307b75531300b2ee228fdd0716da,35.45052370801568,38.97001062502386,49,False,65274,,
1778988435.277969,live_demo,before,task_completed,Analyst,discovery,ce733a38e74828a54834498d025fd455d5d15215d26c3ed1ecc10730cf511536,35.60925249999855,39.11882662499556,49,False,65315,,
1778988474.459084,live_demo,before,task_completed,Auditor,discovery,701c67f550188baef5b09328b2c02a2f23c10c18823925b287eb4e0d98d9c210,35.65013604101841,39.17970762500772,49,False,65370,,
1778988513.374961,live_demo,after,task_completed,Screener,discovery,b9cd08817a96e003ce8d607b0fae61c83069d505d6da8199c4cef4972644db3c,35.41847412500647,38.913417250005296,49,False,65229,,
1778988517.422716,live_demo,after,task_completed,Analyst,discovery,b9cd08817a96e003ce8d607b0fae61c83069d505d6da8199c4cef4972644db3c,0.5387362079927698,4.046595166990301,49,True,65270,,
1778988521.445357,live_demo,after,task_completed,Auditor,discovery,b9cd08817a96e003ce8d607b0fae61c83069d505d6da8199c4cef4972644db3c,0.5135932500124909,4.022046166006476,49,True,65325,,
1778988521.4457128,live_demo,after,decision,orchestrator,,,,,,,,loaded pipeline 'multi_doc_review': Screener -> Analyst -> Auditor,"{""pipeline"": ""multi_doc_review"", ""nodes"": [{""role"": ""Screener"", ""doc_id"": ""merger""}, {""role"": ""Analyst"", ""doc_id"": ""discovery_v3""}, {""role"": ""Auditor"", ""doc_id"": ""discovery""}]}"
1778988521.494795,live_demo,after,decision,orchestrator,merger,85b38e2125e06989a4ea143b3ace13fad48a84664cbe7f5b2b31ce18b89bb368,,,,,,observed Screener starting on merger (fp=85b38e2125),"{""phase"": ""observe"", ""cursor"": 0}"
1778988564.302634,live_demo,after,task_completed,Screener,merger,85b38e2125e06989a4ea143b3ace13fad48a84664cbe7f5b2b31ce18b89bb368,39.1396762089862,42.80754050001269,49,False,58891,,
1778988564.302948,live_demo,after,decision,orchestrator,discovery_v3,,,,,,,next agent 'Analyst' needs doc 'discovery_v3'; firing keep-resident warmup for that doc,"{""phase"": ""act"", ""current"": {""role"": ""Screener"", ""doc_id"": ""merger""}, ""next"": {""role"": ""Analyst"", ""doc_id"": ""discovery_v3""}}"
1778988601.133937,live_demo,after,keep_resident_completed,orchestrator,discovery_v3,f8dba46d06815ea61b00ca4d3b294a06f9186d3ac21a9e4cbca7db78eadca871,36.78079562500352,36.78131462499732,2,False,65573,warmup issued by orchestrator,
1778988601.134928,live_demo,after,decision,orchestrator,discovery_v3,f8dba46d06815ea61b00ca4d3b294a06f9186d3ac21a9e4cbca7db78eadca871,,,,,,observed Analyst starting on discovery_v3 (fp=f8dba46d06),"{""phase"": ""observe"", ""cursor"": 1}"
1778988605.231926,live_demo,after,task_completed,Analyst,discovery_v3,f8dba46d06815ea61b00ca4d3b294a06f9186d3ac21a9e4cbca7db78eadca871,0.5472328340110835,4.096971209015464,49,True,65735,,
1778988605.232001,live_demo,after,decision,orchestrator,discovery,,,,,,,next agent 'Auditor' needs doc 'discovery'; firing keep-resident warmup for that doc,"{""phase"": ""act"", ""current"": {""role"": ""Analyst"", ""doc_id"": ""discovery_v3""}, ""next"": {""role"": ""Auditor"", ""doc_id"": ""discovery""}}"
1778988605.27883,live_demo,after,near_duplicate_detected,orchestrator,discovery,,,,,,,"near-duplicate: 'discovery' ≈ 'discovery_v3' (hamming=1/64, similarity=0.984); prefix cache will MISS but the orchestrator pre-warms it anyway","{""phase"": ""act"", ""candidate_doc_id"": ""discovery"", ""matched_doc_id"": ""discovery_v3"", ""hamming"": 1, ""similarity"": 0.984375, ""threshold"": 10}"
1778988640.429674,live_demo,after,keep_resident_completed,orchestrator,discovery,b9cd08817a96e003ce8d607b0fae61c83069d505d6da8199c4cef4972644db3c,35.14997908400255,35.15053033397999,2,False,65108,warmup issued by orchestrator,
1778988640.4300601,live_demo,after,eviction,orchestrator,merger,85b38e2125e06989a4ea143b3ace13fad48a84664cbe7f5b2b31ce18b89bb368,,,,,,hot-set evicted: merger (fp=85b38e21) under LRU cap (2),"{""phase"": ""adapt"", ""evicted_doc_id"": ""merger"", ""evicted_fingerprint"": ""85b38e2125e06989a4ea143b3ace13fad48a84664cbe7f5b2b31ce18b89bb368"", ""hot_capacity"": 2}"
1778988640.430069,live_demo,after,decision,orchestrator,merger,85b38e2125e06989a4ea143b3ace13fad48a84664cbe7f5b2b31ce18b89bb368,,,,,,evicted hot entry merger (fp=85b38e21) under LRU cap (2),"{""phase"": ""adapt"", ""evicted"": true}"
1778988640.43072,live_demo,after,decision,orchestrator,discovery,b9cd08817a96e003ce8d607b0fae61c83069d505d6da8199c4cef4972644db3c,,,,,,observed Auditor starting on discovery (fp=b9cd08817a),"{""phase"": ""observe"", ""cursor"": 2}"
1778988644.439887,live_demo,after,task_completed,Auditor,discovery,b9cd08817a96e003ce8d607b0fae61c83069d505d6da8199c4cef4972644db3c,0.5396765000186861,4.009112917003222,49,True,65325,,
1778988644.439913,live_demo,after,decision,orchestrator,discovery,,,,,,,no successor after Auditor; pipeline complete,"{""phase"": ""lookahead"", ""cursor"": 2}"
1778989115.646443,demo_full4,before,task_completed,Screener,discovery,9e0fcb877bebb351d24af1327ca140609a97d48a8519e633e8f387b33dc7de60,33.77656158298487,37.4919260419847,49,False,65274,,
1778989154.898504,demo_full4,before,task_completed,Analyst,discovery,c50f06bfb58d8e4cd2cb74ec9f7060d33406ff6aec39ddcd51f01f696051abc5,35.79136191599537,39.250665790983476,49,False,65315,,
1778989193.966305,demo_full4,before,task_completed,Auditor,discovery,0836e6f6df0f249529568fd4ac89852606eff3919c9c1a1c980ebac12ee3ca47,35.6217943750089,39.06722162500955,49,False,65370,,
1778989232.8349981,demo_full4,after,task_completed,Screener,discovery,b9cd08817a96e003ce8d607b0fae61c83069d505d6da8199c4cef4972644db3c,35.40275033301441,38.867778457992245,49,False,65229,,
1778989236.829241,demo_full4,after,task_completed,Analyst,discovery,b9cd08817a96e003ce8d607b0fae61c83069d505d6da8199c4cef4972644db3c,0.526913167006569,3.993590124999173,49,True,65270,,
1778989240.918963,demo_full4,after,task_completed,Auditor,discovery,b9cd08817a96e003ce8d607b0fae61c83069d505d6da8199c4cef4972644db3c,0.5307036250014789,4.089336958015338,49,True,65325,,
1778989282.325771,demo_full4,after,task_completed,Screener,merger,85b38e2125e06989a4ea143b3ace13fad48a84664cbe7f5b2b31ce18b89bb368,37.73827637499198,41.40638608299196,49,False,58891,,
1778989322.85316,demo_full4,after,task_completed,Analyst,discovery_v3,f8dba46d06815ea61b00ca4d3b294a06f9186d3ac21a9e4cbca7db78eadca871,36.85063525001169,40.526418833003845,49,False,65735,,
1778989361.6453419,demo_full4,after,task_completed,Auditor,discovery,b9cd08817a96e003ce8d607b0fae61c83069d505d6da8199c4cef4972644db3c,35.33779754201532,38.791519541991875,49,False,65325,,
1778989361.645731,demo_full4,after,decision,orchestrator,,,,,,,,loaded pipeline 'multi_doc_review': Screener -> Analyst -> Auditor,"{""pipeline"": ""multi_doc_review"", ""nodes"": [{""role"": ""Screener"", ""doc_id"": ""merger""}, {""role"": ""Analyst"", ""doc_id"": ""discovery_v3""}, {""role"": ""Auditor"", ""doc_id"": ""discovery""}]}"
1778989361.682691,demo_full4,after,decision,orchestrator,merger,85b38e2125e06989a4ea143b3ace13fad48a84664cbe7f5b2b31ce18b89bb368,,,,,,observed Screener starting on merger (fp=85b38e2125),"{""phase"": ""observe"", ""cursor"": 0}"
1778989403.199577,demo_full4,after,task_completed,Screener,merger,85b38e2125e06989a4ea143b3ace13fad48a84664cbe7f5b2b31ce18b89bb368,37.80664137500571,41.51679266701103,49,False,58891,,
1778989403.199658,demo_full4,after,decision,orchestrator,discovery_v3,,,,,,,next agent 'Analyst' needs doc 'discovery_v3'; firing keep-resident warmup for that doc,"{""phase"": ""act"", ""current"": {""role"": ""Screener"", ""doc_id"": ""merger""}, ""next"": {""role"": ""Analyst"", ""doc_id"": ""discovery_v3""}}"
1778989439.962128,demo_full4,after,keep_resident_completed,orchestrator,discovery_v3,f8dba46d06815ea61b00ca4d3b294a06f9186d3ac21a9e4cbca7db78eadca871,36.72523195800022,36.72565149998991,2,False,65573,warmup issued by orchestrator,
1778989439.9628968,demo_full4,after,decision,orchestrator,discovery_v3,f8dba46d06815ea61b00ca4d3b294a06f9186d3ac21a9e4cbca7db78eadca871,,,,,,observed Analyst starting on discovery_v3 (fp=f8dba46d06),"{""phase"": ""observe"", ""cursor"": 1}"
1778989444.0799549,demo_full4,after,task_completed,Analyst,discovery_v3,f8dba46d06815ea61b00ca4d3b294a06f9186d3ac21a9e4cbca7db78eadca871,0.5525791659893002,4.117045416001929,49,True,65735,,
1778989444.080002,demo_full4,after,decision,orchestrator,discovery,,,,,,,next agent 'Auditor' needs doc 'discovery'; firing keep-resident warmup for that doc,"{""phase"": ""act"", ""current"": {""role"": ""Analyst"", ""doc_id"": ""discovery_v3""}, ""next"": {""role"": ""Auditor"", ""doc_id"": ""discovery""}}"
1778989444.1154869,demo_full4,after,near_duplicate_detected,orchestrator,discovery,,,,,,,"near-duplicate: 'discovery' ≈ 'discovery_v3' (hamming=1/64, similarity=0.984); prefix cache will MISS but the orchestrator pre-warms it anyway","{""phase"": ""act"", ""candidate_doc_id"": ""discovery"", ""matched_doc_id"": ""discovery_v3"", ""hamming"": 1, ""similarity"": 0.984375, ""threshold"": 10}"
1778989479.208863,demo_full4,after,keep_resident_completed,orchestrator,discovery,b9cd08817a96e003ce8d607b0fae61c83069d505d6da8199c4cef4972644db3c,35.09271075000288,35.0931050000072,2,False,65108,warmup issued by orchestrator,
1778989479.2091572,demo_full4,after,eviction,orchestrator,merger,85b38e2125e06989a4ea143b3ace13fad48a84664cbe7f5b2b31ce18b89bb368,,,,,,hot-set evicted: merger (fp=85b38e21) under LRU cap (2),"{""phase"": ""adapt"", ""evicted_doc_id"": ""merger"", ""evicted_fingerprint"": ""85b38e2125e06989a4ea143b3ace13fad48a84664cbe7f5b2b31ce18b89bb368"", ""hot_capacity"": 2}"
1778989479.209165,demo_full4,after,decision,orchestrator,merger,85b38e2125e06989a4ea143b3ace13fad48a84664cbe7f5b2b31ce18b89bb368,,,,,,evicted hot entry merger (fp=85b38e21) under LRU cap (2),"{""phase"": ""adapt"", ""evicted"": true}"
1778989479.209652,demo_full4,after,decision,orchestrator,discovery,b9cd08817a96e003ce8d607b0fae61c83069d505d6da8199c4cef4972644db3c,,,,,,observed Auditor starting on discovery (fp=b9cd08817a),"{""phase"": ""observe"", ""cursor"": 2}"
1778989483.243912,demo_full4,after,task_completed,Auditor,discovery,b9cd08817a96e003ce8d607b0fae61c83069d505d6da8199c4cef4972644db3c,0.543140041991137,4.03423516699695,49,True,65325,,
1778989483.243924,demo_full4,after,decision,orchestrator,discovery,,,,,,,no successor after Auditor; pipeline complete,"{""phase"": ""lookahead"", ""cursor"": 2}"
1778989688.359908,live_demo,before,task_completed,Screener,discovery,e3a153fbd19220576633f3a8bfec5616f9823c0cda9038e67c022e55529dfae0,34.578347458009375,38.33593466601451,49,False,65274,,
1778989728.4621499,live_demo,before,task_completed,Analyst,discovery,3d7dec4b6c8a0e691a36ba4e3216c60617161ca1e9d9d878ca18706453c44073,36.53192920901347,40.101216334005585,49,False,65315,,
1778989767.799173,live_demo,before,task_completed,Auditor,discovery,58308ea676229a5efb5660703620fb5b18199e6290d62d94adcbe83258cee3c3,35.777949041017564,39.336146166024264,49,False,65370,,
1778989806.917067,live_demo,after,task_completed,Screener,discovery,b9cd08817a96e003ce8d607b0fae61c83069d505d6da8199c4cef4972644db3c,35.56855424999958,39.115529707982205,49,False,65229,,
1778989811.013928,live_demo,after,task_completed,Analyst,discovery,b9cd08817a96e003ce8d607b0fae61c83069d505d6da8199c4cef4972644db3c,0.5658585840137675,4.095375625009183,49,True,65270,,
1778989815.088781,live_demo,after,task_completed,Auditor,discovery,b9cd08817a96e003ce8d607b0fae61c83069d505d6da8199c4cef4972644db3c,0.526307457999792,4.074483916017925,49,True,65325,,
1778989856.9620109,live_demo,after,task_completed,Screener,merger,85b38e2125e06989a4ea143b3ace13fad48a84664cbe7f5b2b31ce18b89bb368,37.934517291985685,41.87237224998535,49,False,58891,,
1778989897.644747,live_demo,after,task_completed,Analyst,discovery_v3,f8dba46d06815ea61b00ca4d3b294a06f9186d3ac21a9e4cbca7db78eadca871,37.04195841701585,40.681485709006665,49,False,65735,,
1778989936.719529,live_demo,after,task_completed,Auditor,discovery,b9cd08817a96e003ce8d607b0fae61c83069d505d6da8199c4cef4972644db3c,35.5387568330043,39.073398582986556,49,False,65325,,
1778989936.720712,live_demo,after,decision,orchestrator,,,,,,,,loaded pipeline 'multi_doc_review': Screener -> Analyst -> Auditor,"{""pipeline"": ""multi_doc_review"", ""nodes"": [{""role"": ""Screener"", ""doc_id"": ""merger""}, {""role"": ""Analyst"", ""doc_id"": ""discovery_v3""}, {""role"": ""Auditor"", ""doc_id"": ""discovery""}]}"
1778989936.771262,live_demo,after,decision,orchestrator,merger,85b38e2125e06989a4ea143b3ace13fad48a84664cbe7f5b2b31ce18b89bb368,,,,,,observed Screener starting on merger (fp=85b38e2125),"{""phase"": ""observe"", ""cursor"": 0}"
1778989978.4768178,live_demo,after,task_completed,Screener,merger,85b38e2125e06989a4ea143b3ace13fad48a84664cbe7f5b2b31ce18b89bb368,37.98905095900409,41.70538775000023,49,False,58891,,
1778989978.476893,live_demo,after,decision,orchestrator,discovery_v3,,,,,,,next agent 'Analyst' needs doc 'discovery_v3'; firing keep-resident warmup for that doc,"{""phase"": ""act"", ""current"": {""role"": ""Screener"", ""doc_id"": ""merger""}, ""next"": {""role"": ""Analyst"", ""doc_id"": ""discovery_v3""}}"
1778990015.430004,live_demo,after,keep_resident_completed,orchestrator,discovery_v3,f8dba46d06815ea61b00ca4d3b294a06f9186d3ac21a9e4cbca7db78eadca871,36.914794332988095,36.91527508298168,2,False,65573,warmup issued by orchestrator,
1778990015.43088,live_demo,after,decision,orchestrator,discovery_v3,f8dba46d06815ea61b00ca4d3b294a06f9186d3ac21a9e4cbca7db78eadca871,,,,,,observed Analyst starting on discovery_v3 (fp=f8dba46d06),"{""phase"": ""observe"", ""cursor"": 1}"
1778990019.618531,live_demo,after,task_completed,Analyst,discovery_v3,f8dba46d06815ea61b00ca4d3b294a06f9186d3ac21a9e4cbca7db78eadca871,0.5571343329793308,4.187632249988383,49,True,65735,,
1778990019.618585,live_demo,after,decision,orchestrator,discovery,,,,,,,next agent 'Auditor' needs doc 'discovery'; firing keep-resident warmup for that doc,"{""phase"": ""act"", ""current"": {""role"": ""Analyst"", ""doc_id"": ""discovery_v3""}, ""next"": {""role"": ""Auditor"", ""doc_id"": ""discovery""}}"
1778990019.659251,live_demo,after,near_duplicate_detected,orchestrator,discovery,,,,,,,"near-duplicate: 'discovery' ≈ 'discovery_v3' (hamming=1/64, similarity=0.984); prefix cache will MISS but the orchestrator pre-warms it anyway","{""phase"": ""act"", ""candidate_doc_id"": ""discovery"", ""matched_doc_id"": ""discovery_v3"", ""hamming"": 1, ""similarity"": 0.984375, ""threshold"": 10}"
1778990055.015348,live_demo,after,keep_resident_completed,orchestrator,discovery,b9cd08817a96e003ce8d607b0fae61c83069d505d6da8199c4cef4972644db3c,35.3551088340173,35.35568495900952,2,False,65108,warmup issued by orchestrator,
1778990055.0157099,live_demo,after,eviction,orchestrator,merger,85b38e2125e06989a4ea143b3ace13fad48a84664cbe7f5b2b31ce18b89bb368,,,,,,hot-set evicted: merger (fp=85b38e21) under LRU cap (2),"{""phase"": ""adapt"", ""evicted_doc_id"": ""merger"", ""evicted_fingerprint"": ""85b38e2125e06989a4ea143b3ace13fad48a84664cbe7f5b2b31ce18b89bb368"", ""hot_capacity"": 2}"
1778990055.015718,live_demo,after,decision,orchestrator,merger,85b38e2125e06989a4ea143b3ace13fad48a84664cbe7f5b2b31ce18b89bb368,,,,,,evicted hot entry merger (fp=85b38e21) under LRU cap (2),"{""phase"": ""adapt"", ""evicted"": true}"
1778990055.016309,live_demo,after,decision,orchestrator,discovery,b9cd08817a96e003ce8d607b0fae61c83069d505d6da8199c4cef4972644db3c,,,,,,observed Auditor starting on discovery (fp=b9cd08817a),"{""phase"": ""observe"", ""cursor"": 2}"
1778990059.1366348,live_demo,after,task_completed,Auditor,discovery,b9cd08817a96e003ce8d607b0fae61c83069d505d6da8199c4cef4972644db3c,0.5374204590043519,4.120281292009167,49,True,65325,,
1778990059.1366599,live_demo,after,decision,orchestrator,discovery,,,,,,,no successor after Auditor; pipeline complete,"{""phase"": ""lookahead"", ""cursor"": 2}"
1778990617.229155,demo_2stage,before,task_completed,Screener,discovery,369f6ec5f6bf18577858185d0b9686f0bf11d3ebce47041cebe2617407d83766,34.015956291987095,37.51313987499452,49,False,65274,,
1778990656.3236952,demo_2stage,before,task_completed,Analyst,discovery,5b0598a5a37191826955429a58d64d74f74761009aeb3af8472fa9eb1cd8ad74,35.54953054198995,39.09173854198889,49,False,65315,,
1778990695.425705,demo_2stage,before,task_completed,Auditor,discovery,cef41ded2e2787ffdb452e213e47974733e0c2d285a5aad3ad5bc6838584766e,35.57558679199428,39.101410417002626,49,False,65370,,
1778990695.426029,demo_2stage,after,decision,orchestrator,,,,,,,,loaded pipeline 'multi_doc_review': Screener -> Analyst -> Auditor,"{""pipeline"": ""multi_doc_review"", ""nodes"": [{""role"": ""Screener"", ""doc_id"": ""merger""}, {""role"": ""Analyst"", ""doc_id"": ""discovery_v3""}, {""role"": ""Auditor"", ""doc_id"": ""discovery""}]}"
1778990695.4630988,demo_2stage,after,decision,orchestrator,merger,85b38e2125e06989a4ea143b3ace13fad48a84664cbe7f5b2b31ce18b89bb368,,,,,,observed Screener starting on merger (fp=85b38e2125),"{""phase"": ""observe"", ""cursor"": 0}"
1778990737.877077,demo_2stage,after,task_completed,Screener,merger,85b38e2125e06989a4ea143b3ace13fad48a84664cbe7f5b2b31ce18b89bb368,38.79938812501496,42.414079458016204,49,False,58891,,
1778990737.8771799,demo_2stage,after,decision,orchestrator,discovery_v3,,,,,,,next agent 'Analyst' needs doc 'discovery_v3'; firing keep-resident warmup for that doc,"{""phase"": ""act"", ""current"": {""role"": ""Screener"", ""doc_id"": ""merger""}, ""next"": {""role"": ""Analyst"", ""doc_id"": ""discovery_v3""}}"
1778990774.685888,demo_2stage,after,keep_resident_completed,orchestrator,discovery_v3,f8dba46d06815ea61b00ca4d3b294a06f9186d3ac21a9e4cbca7db78eadca871,36.76329629201791,36.76403166700038,2,False,65573,warmup issued by orchestrator,
1778990774.6876101,demo_2stage,after,decision,orchestrator,discovery_v3,f8dba46d06815ea61b00ca4d3b294a06f9186d3ac21a9e4cbca7db78eadca871,,,,,,observed Analyst starting on discovery_v3 (fp=f8dba46d06),"{""phase"": ""observe"", ""cursor"": 1}"
1778990779.039596,demo_2stage,after,task_completed,Analyst,discovery_v3,f8dba46d06815ea61b00ca4d3b294a06f9186d3ac21a9e4cbca7db78eadca871,0.599111042014556,4.351987083005952,49,True,65735,,
1778990779.0396318,demo_2stage,after,decision,orchestrator,discovery,,,,,,,next agent 'Auditor' needs doc 'discovery'; firing keep-resident warmup for that doc,"{""phase"": ""act"", ""current"": {""role"": ""Analyst"", ""doc_id"": ""discovery_v3""}, ""next"": {""role"": ""Auditor"", ""doc_id"": ""discovery""}}"
1778990779.077918,demo_2stage,after,near_duplicate_detected,orchestrator,discovery,,,,,,,"near-duplicate: 'discovery' ≈ 'discovery_v3' (hamming=1/64, similarity=0.984); prefix cache will MISS but the orchestrator pre-warms it anyway","{""phase"": ""act"", ""candidate_doc_id"": ""discovery"", ""matched_doc_id"": ""discovery_v3"", ""hamming"": 1, ""similarity"": 0.984375, ""threshold"": 10}"
1778990818.3734741,demo_2stage,after,keep_resident_completed,orchestrator,discovery,b9cd08817a96e003ce8d607b0fae61c83069d505d6da8199c4cef4972644db3c,39.29486308398191,39.29538541697548,2,False,65108,warmup issued by orchestrator,
1778990818.373866,demo_2stage,after,eviction,orchestrator,merger,85b38e2125e06989a4ea143b3ace13fad48a84664cbe7f5b2b31ce18b89bb368,,,,,,hot-set evicted: merger (fp=85b38e21) under LRU cap (2),"{""phase"": ""adapt"", ""evicted_doc_id"": ""merger"", ""evicted_fingerprint"": ""85b38e2125e06989a4ea143b3ace13fad48a84664cbe7f5b2b31ce18b89bb368"", ""hot_capacity"": 2}"
1778990818.3738701,demo_2stage,after,decision,orchestrator,merger,85b38e2125e06989a4ea143b3ace13fad48a84664cbe7f5b2b31ce18b89bb368,,,,,,evicted hot entry merger (fp=85b38e21) under LRU cap (2),"{""phase"": ""adapt"", ""evicted"": true}"
1778990818.374516,demo_2stage,after,decision,orchestrator,discovery,b9cd08817a96e003ce8d607b0fae61c83069d505d6da8199c4cef4972644db3c,,,,,,observed Auditor starting on discovery (fp=b9cd08817a),"{""phase"": ""observe"", ""cursor"": 2}"
1778990823.4697301,demo_2stage,after,task_completed,Auditor,discovery,b9cd08817a96e003ce8d607b0fae61c83069d505d6da8199c4cef4972644db3c,0.6201029999938328,5.095213791995775,49,True,65325,,
1778990823.469745,demo_2stage,after,decision,orchestrator,discovery,,,,,,,no successor after Auditor; pipeline complete,"{""phase"": ""lookahead"", ""cursor"": 2}"
1778991001.395686,live_demo,before,task_completed,Screener,discovery,22cd4aa83e55474fb840fcc52477c85819bf5a54737b72842b512b0eee2f8eac,34.162756917008664,37.74320733299828,49,False,65274,,
1778991040.767746,live_demo,before,task_completed,Analyst,discovery,2ffc5070139e7b19411afe3940f35fc63bc8efd9f88d509000a0519162f230d9,35.79601900000125,39.371333791001234,49,False,65315,,
1778991080.0754402,live_demo,before,task_completed,Auditor,discovery,786bf64c5b056f46bf77d0700f3d0c88bf494aef4554112edf22adb233fa601c,35.685521541017806,39.30666020800709,49,False,65370,,
1778991080.076266,live_demo,after,decision,orchestrator,,,,,,,,loaded pipeline 'multi_doc_review': Screener -> Analyst -> Auditor,"{""pipeline"": ""multi_doc_review"", ""nodes"": [{""role"": ""Screener"", ""doc_id"": ""merger""}, {""role"": ""Analyst"", ""doc_id"": ""discovery_v3""}, {""role"": ""Auditor"", ""doc_id"": ""discovery""}]}"
1778991080.118129,live_demo,after,decision,orchestrator,merger,85b38e2125e06989a4ea143b3ace13fad48a84664cbe7f5b2b31ce18b89bb368,,,,,,observed Screener starting on merger (fp=85b38e2125),"{""phase"": ""observe"", ""cursor"": 0}"
1778991121.9650612,live_demo,after,task_completed,Screener,merger,85b38e2125e06989a4ea143b3ace13fad48a84664cbe7f5b2b31ce18b89bb368,38.13339545900817,41.84690808400046,49,False,58891,,
1778991121.96527,live_demo,after,decision,orchestrator,discovery_v3,,,,,,,next agent 'Analyst' needs doc 'discovery_v3'; firing keep-resident warmup for that doc,"{""phase"": ""act"", ""current"": {""role"": ""Screener"", ""doc_id"": ""merger""}, ""next"": {""role"": ""Analyst"", ""doc_id"": ""discovery_v3""}}"
1778991158.894754,live_demo,after,keep_resident_completed,orchestrator,discovery_v3,f8dba46d06815ea61b00ca4d3b294a06f9186d3ac21a9e4cbca7db78eadca871,36.877912750002,36.8784169999999,2,False,65573,warmup issued by orchestrator,
1778991158.895612,live_demo,after,decision,orchestrator,discovery_v3,f8dba46d06815ea61b00ca4d3b294a06f9186d3ac21a9e4cbca7db78eadca871,,,,,,observed Analyst starting on discovery_v3 (fp=f8dba46d06),"{""phase"": ""observe"", ""cursor"": 1}"
1778991163.151138,live_demo,after,task_completed,Analyst,discovery_v3,f8dba46d06815ea61b00ca4d3b294a06f9186d3ac21a9e4cbca7db78eadca871,0.5736769999784883,4.255508834001375,49,True,65735,,
1778991163.151257,live_demo,after,decision,orchestrator,discovery,,,,,,,next agent 'Auditor' needs doc 'discovery'; firing keep-resident warmup for that doc,"{""phase"": ""act"", ""current"": {""role"": ""Analyst"", ""doc_id"": ""discovery_v3""}, ""next"": {""role"": ""Auditor"", ""doc_id"": ""discovery""}}"
1778991163.201328,live_demo,after,near_duplicate_detected,orchestrator,discovery,,,,,,,"near-duplicate: 'discovery' ≈ 'discovery_v3' (hamming=1/64, similarity=0.984); prefix cache will MISS but the orchestrator pre-warms it anyway","{""phase"": ""act"", ""candidate_doc_id"": ""discovery"", ""matched_doc_id"": ""discovery_v3"", ""hamming"": 1, ""similarity"": 0.984375, ""threshold"": 10}"
1778991198.402741,live_demo,after,keep_resident_completed,orchestrator,discovery,b9cd08817a96e003ce8d607b0fae61c83069d505d6da8199c4cef4972644db3c,35.20042162502068,35.201257375010755,2,False,65108,warmup issued by orchestrator,
1778991198.4032168,live_demo,after,eviction,orchestrator,merger,85b38e2125e06989a4ea143b3ace13fad48a84664cbe7f5b2b31ce18b89bb368,,,,,,hot-set evicted: merger (fp=85b38e21) under LRU cap (2),"{""phase"": ""adapt"", ""evicted_doc_id"": ""merger"", ""evicted_fingerprint"": ""85b38e2125e06989a4ea143b3ace13fad48a84664cbe7f5b2b31ce18b89bb368"", ""hot_capacity"": 2}"
1778991198.4032269,live_demo,after,decision,orchestrator,merger,85b38e2125e06989a4ea143b3ace13fad48a84664cbe7f5b2b31ce18b89bb368,,,,,,evicted hot entry merger (fp=85b38e21) under LRU cap (2),"{""phase"": ""adapt"", ""evicted"": true}"
1778991198.404059,live_demo,after,decision,orchestrator,discovery,b9cd08817a96e003ce8d607b0fae61c83069d505d6da8199c4cef4972644db3c,,,,,,observed Auditor starting on discovery (fp=b9cd08817a),"{""phase"": ""observe"", ""cursor"": 2}"
1778991202.5675101,live_demo,after,task_completed,Auditor,discovery,b9cd08817a96e003ce8d607b0fae61c83069d505d6da8199c4cef4972644db3c,0.5535610420047306,4.163445791986305,49,True,65325,,
1778991202.567523,live_demo,after,decision,orchestrator,discovery,,,,,,,no successor after Auditor; pipeline complete,"{""phase"": ""lookahead"", ""cursor"": 2}"
1778991811.3272,live_demo,before,task_completed,Screener,discovery,76b7f681931f40d0d990060daff7b5a057d061499a6d33ff6ca9988baa9aea5c,39.45720645901747,43.22588645902579,49,False,65274,,
1778991858.0533152,live_demo,before,task_completed,Analyst,discovery,2b08ad7cf28b9157270b121f49ae4a1fa7a84e1f474f7b5c291346d532cc4923,38.8121534170059,46.725062667013844,49,False,65315,,
1778992005.318655,live_demo,before,task_completed,Screener,discovery,72661e27e5ce9b84abe8a6e3a757ed6bb614d1cb397e892deb9d24405a34539b,35.77285208401736,39.604844584013335,49,False,65274,,
1778992046.263217,live_demo,before,task_completed,Analyst,discovery,abde46fd5f352add64619f5ebe97c82ce6dcbf09f2bca1d9ab0e60b060d5bf5a,37.136208957992494,40.94252445799066,49,False,65315,,
1778992087.156925,live_demo,before,task_completed,Auditor,discovery,6170f34cdb4070df6eb94c3429347639aec9ce4fccbc74d8596b8e3bd29c5b83,37.116781124990666,40.891984582995065,49,False,65370,,
1778992087.157561,live_demo,after,decision,orchestrator,,,,,,,,loaded pipeline 'multi_doc_review': Screener -> Analyst -> Auditor,"{""pipeline"": ""multi_doc_review"", ""nodes"": [{""role"": ""Screener"", ""doc_id"": ""merger""}, {""role"": ""Analyst"", ""doc_id"": ""discovery_v3""}, {""role"": ""Auditor"", ""doc_id"": ""discovery""}]}"
1778992087.237056,live_demo,after,decision,orchestrator,merger,85b38e2125e06989a4ea143b3ace13fad48a84664cbe7f5b2b31ce18b89bb368,,,,,,observed Screener starting on merger (fp=85b38e2125),"{""phase"": ""observe"", ""cursor"": 0}"
1778992130.860189,live_demo,after,task_completed,Screener,merger,85b38e2125e06989a4ea143b3ace13fad48a84664cbe7f5b2b31ce18b89bb368,39.71039149997523,43.623206916992785,49,False,58891,,
1778992130.860297,live_demo,after,decision,orchestrator,discovery_v3,,,,,,,next agent 'Analyst' needs doc 'discovery_v3'; firing keep-resident warmup for that doc,"{""phase"": ""act"", ""current"": {""role"": ""Screener"", ""doc_id"": ""merger""}, ""next"": {""role"": ""Analyst"", ""doc_id"": ""discovery_v3""}}"
1778992169.266966,live_demo,after,keep_resident_completed,orchestrator,discovery_v3,f8dba46d06815ea61b00ca4d3b294a06f9186d3ac21a9e4cbca7db78eadca871,38.368462959013414,38.3690866670222,2,False,65573,warmup issued by orchestrator,
1778992169.268188,live_demo,after,decision,orchestrator,discovery_v3,f8dba46d06815ea61b00ca4d3b294a06f9186d3ac21a9e4cbca7db78eadca871,,,,,,observed Analyst starting on discovery_v3 (fp=f8dba46d06),"{""phase"": ""observe"", ""cursor"": 1}"
1778992173.687903,live_demo,after,task_completed,Analyst,discovery_v3,f8dba46d06815ea61b00ca4d3b294a06f9186d3ac21a9e4cbca7db78eadca871,0.5753448749892414,4.419688291993225,49,True,65735,,
1778992173.688079,live_demo,after,decision,orchestrator,discovery,,,,,,,next agent 'Auditor' needs doc 'discovery'; firing keep-resident warmup for that doc,"{""phase"": ""act"", ""current"": {""role"": ""Analyst"", ""doc_id"": ""discovery_v3""}, ""next"": {""role"": ""Auditor"", ""doc_id"": ""discovery""}}"
1778992173.7388659,live_demo,after,near_duplicate_detected,orchestrator,discovery,,,,,,,"near-duplicate: 'discovery' ≈ 'discovery_v3' (hamming=1/64, similarity=0.984); prefix cache will MISS but the orchestrator pre-warms it anyway","{""phase"": ""act"", ""candidate_doc_id"": ""discovery"", ""matched_doc_id"": ""discovery_v3"", ""hamming"": 1, ""similarity"": 0.984375, ""threshold"": 10}"
1778992210.2649229,live_demo,after,keep_resident_completed,orchestrator,discovery,b9cd08817a96e003ce8d607b0fae61c83069d505d6da8199c4cef4972644db3c,36.524946082994575,36.52569737500744,2,False,65108,warmup issued by orchestrator,
1778992210.265326,live_demo,after,eviction,orchestrator,merger,85b38e2125e06989a4ea143b3ace13fad48a84664cbe7f5b2b31ce18b89bb368,,,,,,hot-set evicted: merger (fp=85b38e21) under LRU cap (2),"{""phase"": ""adapt"", ""evicted_doc_id"": ""merger"", ""evicted_fingerprint"": ""85b38e2125e06989a4ea143b3ace13fad48a84664cbe7f5b2b31ce18b89bb368"", ""hot_capacity"": 2}"
1778992210.265335,live_demo,after,decision,orchestrator,merger,85b38e2125e06989a4ea143b3ace13fad48a84664cbe7f5b2b31ce18b89bb368,,,,,,evicted hot entry merger (fp=85b38e21) under LRU cap (2),"{""phase"": ""adapt"", ""evicted"": true}"
1778992210.266325,live_demo,after,decision,orchestrator,discovery,b9cd08817a96e003ce8d607b0fae61c83069d505d6da8199c4cef4972644db3c,,,,,,observed Auditor starting on discovery (fp=b9cd08817a),"{""phase"": ""observe"", ""cursor"": 2}"
1778992214.3898659,live_demo,after,task_completed,Auditor,discovery,b9cd08817a96e003ce8d607b0fae61c83069d505d6da8199c4cef4972644db3c,0.5713859579991549,4.123509458004264,49,True,65325,,
1778992214.389892,live_demo,after,decision,orchestrator,discovery,,,,,,,no successor after Auditor; pipeline complete,"{""phase"": ""lookahead"", ""cursor"": 2}"
